Topic_0,Topic_1,Topic_2,Topic_3,Topic_4,Topic_5,Topic_6,Topic_7,Topic_8
0.043882586,0.0411675,0.0013073208,0.04571527,0.01948358,0.0013812097,0.823678,0.0012190447,0.02216547
0.057610363,0.0015496988,0.051436197,0.0015095982,0.019285847,0.0014778117,0.858935,0.006423654,0.0017718354
0.00317094,0.6794539,0.0032332526,0.0031624446,0.048753887,0.025482083,0.0622876,0.0030107552,0.17144515
0.0058481754,0.005591043,0.0063247457,0.26794788,0.005537775,0.6910524,0.0055859033,0.005997146,0.006115018
0.003299533,0.7240395,0.0030119948,0.0029510437,0.0031773336,0.0029389793,0.09266542,0.012654745,0.15526149
0.4016308,0.14480346,0.0038532768,0.07573291,0.1782213,0.0051446077,0.18279855,0.0037334901,0.0040815556
0.016782794,0.13469143,0.059652515,0.015931726,0.25079986,0.008843222,0.51010334,0.0016279537,0.001567062
0.0014844977,0.15232824,0.4603663,0.0013752279,0.09519417,0.0016704006,0.14739257,0.006117075,0.1340715
0.0632036,0.23584428,0.0042080446,0.0048972224,0.0048003513,0.004210274,0.0045684525,0.004204338,0.67406344
0.13346748,0.13856147,0.002345325,0.095062345,0.038196757,0.0019966804,0.58635175,0.0019438795,0.0020743194
0.0039125634,0.0040321513,0.0035541307,0.018063458,0.17544207,0.437967,0.24302134,0.110188566,0.003818731
0.0050133145,0.29901156,0.004823598,0.0048629045,0.16861208,0.004809708,0.005110765,0.004796637,0.50295943
0.00660375,0.0072021154,0.0070480593,0.29242048,0.65931004,0.006778715,0.0071050413,0.0062786844,0.007253078
0.1283694,0.023648556,0.0018039442,0.0018292505,0.65068734,0.0017936053,0.16289036,0.0017543967,0.027223222
0.000963531,0.000913508,0.5821413,0.027495274,0.0009776565,0.030844338,0.25654796,0.0008807848,0.09923572
0.0028413117,0.13934349,0.003241783,0.002769415,0.0051691835,0.69252926,0.12521754,0.002690705,0.026197277
0.019599797,0.004044909,0.2553942,0.032103557,0.0148407025,0.64824563,0.004262324,0.0037286223,0.017780282
0.07600445,0.100554846,0.24097268,0.09849297,0.023896161,0.0058182715,0.42971587,0.009530564,0.015014175
0.12842156,0.06708331,0.66258794,0.0019497736,0.0021081867,0.0020695005,0.07174556,0.0018857658,0.062148537
0.0068839756,0.006454657,0.006407762,0.0064327167,0.0072163725,0.006338283,0.94677085,0.0062901373,0.0072052605
0.26069352,0.054170962,0.018379634,0.0012812272,0.41154417,0.006354085,0.24496488,0.0012631436,0.0013483695
0.60349244,0.0699546,0.0020387848,0.0019847553,0.0020667992,0.0020138626,0.113806635,0.15955536,0.04508676
0.087144956,0.059906512,0.002464699,0.00241182,0.70856357,0.019709572,0.1147339,0.0023954697,0.002669618
0.44491127,0.16173956,0.0022154395,0.0022821387,0.3240874,0.0021307128,0.05838981,0.0021101655,0.0021334728
0.061901268,0.77570564,0.004829092,0.11074464,0.026865106,0.00507023,0.0052740774,0.0045999587,0.0050100386
0.03177235,0.0036536858,0.0033211177,0.0032811274,0.28535566,0.003374625,0.6622673,0.003275028,0.0036990885
0.077050984,0.061827853,0.0022505487,0.0021274132,0.0022331667,0.010859411,0.2914175,0.0020799304,0.55015314
0.018231025,0.050312165,0.21760668,0.0021593457,0.52635634,0.0022587406,0.17849348,0.0021585652,0.0024235763
0.0051756706,0.6463313,0.0049946513,0.1533556,0.029175302,0.0050498205,0.14604054,0.004732221,0.005144902
0.02506514,0.40672922,0.0051604933,0.3517433,0.008614991,0.007781995,0.18430388,0.00541991,0.0051810686
0.006279106,0.41879296,0.029203875,0.15636022,0.007576535,0.19313838,0.1760723,0.005885565,0.006691082
0.20254658,0.0022275916,0.00228225,0.0020040479,0.46037197,0.001880287,0.29122382,0.0018493886,0.03561404
0.0014900739,0.66453165,0.0014724351,0.0014510378,0.0015546144,0.0014682342,0.08230229,0.0014987984,0.24423091
0.034496874,0.0061619007,0.005678649,0.0055283466,0.0057988763,0.74808127,0.1830406,0.0054999036,0.0057135667
0.0015604853,0.20296788,0.0015927955,0.0015267156,0.0016062713,0.0015185984,0.35514003,0.0014814994,0.43260568
0.045194305,0.0015162823,0.020421918,0.0015321681,0.36593303,0.0013618093,0.49469173,0.00802243,0.061326247
0.025980933,0.43386754,0.0020364886,0.002012962,0.013989428,0.0020191818,0.2730165,0.0020061051,0.24507084
0.004229549,0.2618633,0.004163494,0.004381476,0.00422057,0.0044038403,0.004310205,0.004243359,0.70818424
0.10385284,0.0012691016,0.02634951,0.0011931867,0.58049583,0.0013863713,0.17183667,0.009501819,0.1041147
0.003524572,0.0036549722,0.0033298593,0.02403141,0.0032450797,0.06993918,0.5720953,0.0031688097,0.31701094
0.0042330236,0.0041557886,0.004256489,0.18512788,0.21039781,0.39016718,0.004406273,0.0040309867,0.19322455
0.5376263,0.0012564466,0.0011176569,0.0011237847,0.008863373,0.0011901248,0.13644238,0.2588924,0.053487528
0.0027074704,0.37560636,0.03807464,0.0024586315,0.0025785407,0.002513617,0.0027017633,0.0024071033,0.5709519
0.018107943,0.432552,0.0030569865,0.0031095173,0.05237197,0.0032555498,0.067702495,0.0030112779,0.4168322
0.029886147,0.6307603,0.030789409,0.0018738541,0.0019491558,0.010252124,0.20778313,0.0018491549,0.08485674
0.063032486,0.4211726,0.003505666,0.07657358,0.03682958,0.0035062071,0.0039117513,0.016382083,0.37508598
0.0028822566,0.28556934,0.055823475,0.030660521,0.0027163818,0.0028010688,0.3406758,0.27590027,0.0029708934
0.001990905,0.024965966,0.3089397,0.3628517,0.020257588,0.11553085,0.12644394,0.014085613,0.024933828
0.0034999405,0.0038421901,0.0035238632,0.03065161,0.090355806,0.0037872512,0.08706111,0.0033915907,0.7738867
0.008296833,0.10917386,0.007731126,0.0070564044,0.05021266,0.0073497253,0.0073579885,0.007079328,0.79574203
0.0020608762,0.049962606,0.002209005,0.0019597758,0.2563637,0.0019262912,0.6368284,0.0019254307,0.046763994
0.03164168,0.11092025,0.10567642,0.0026276468,0.025028264,0.062494017,0.65650135,0.002446684,0.0026636824
0.007586823,0.16231962,0.0073606656,0.009811875,0.7819313,0.007316274,0.007971086,0.0072330474,0.008469351
0.006360235,0.0059199953,0.006061126,0.4842749,0.014708528,0.36371213,0.107522905,0.005689031,0.005751177
0.004423689,0.0042357678,0.077606484,0.07562466,0.038440913,0.78621787,0.0050091916,0.004238565,0.004202763
0.4602474,0.20847197,0.0016348418,0.0015641652,0.044585727,0.0015682623,0.098574005,0.0015266322,0.18182687
0.035416648,0.10651311,0.0018260649,0.0018387042,0.0019135332,0.0018607428,0.13200213,0.009025593,0.7096034
0.005445624,0.17049532,0.0053041843,0.0052343756,0.047996033,0.0052605704,0.005729847,0.005202258,0.7493318
0.8631181,0.0015923643,0.007288026,0.0015345588,0.0015834541,0.0014881954,0.12038571,0.0014643267,0.0015453099
0.00281632,0.2644895,0.014664169,0.0025973406,0.0056188228,0.002712583,0.18631487,0.0025713395,0.518215
0.002815118,0.5218413,0.012480765,0.0025889452,0.0026833024,0.002601341,0.031863812,0.010893397,0.41223204
0.005337509,0.19268827,0.0054369257,0.005391716,0.14601208,0.5655326,0.0054322868,0.025433464,0.048735157
0.0050155716,0.08844769,0.0045232717,0.00448223,0.036153276,0.8449343,0.004536282,0.0043236725,0.007583644
0.006062872,0.9507107,0.007247329,0.005774751,0.0058539687,0.005657243,0.006580808,0.0055891145,0.006523148
0.001469681,0.02412984,0.0013623537,0.001321804,0.0014038674,0.0013084186,0.9273351,0.0012965,0.04037247
0.8339064,0.0017597666,0.0068433853,0.0015729351,0.052319117,0.0015993089,0.0017030645,0.05063411,0.049661987
0.67478234,0.039604254,0.0015777723,0.059913274,0.0015321136,0.0014894453,0.04607164,0.098401695,0.07662745
0.0017561802,0.1896978,0.059591256,0.022963122,0.02270274,0.0017185422,0.14370848,0.0016104698,0.55625135
0.005185595,0.0050935075,0.005429487,0.0049112365,0.35531974,0.6092567,0.005056983,0.004808278,0.004938487
0.0080551235,0.006108969,0.0058216243,0.19728696,0.006251654,0.52374893,0.07175094,0.1056607,0.07531512
0.0031139185,0.003208989,0.1930908,0.0030208451,0.3687907,0.0033157463,0.33863142,0.0029864972,0.083841
0.11520105,0.015736885,0.0013383043,0.0012754338,0.1487671,0.0011561385,0.66080284,0.054459594,0.0012627182
0.0013930359,0.0015083944,0.02029299,0.0013814699,0.0075973836,0.1331915,0.35758656,0.0014348994,0.47561377
0.4783261,0.12652685,0.0024471965,0.0024692272,0.14930552,0.0023381696,0.18924727,0.0023157771,0.047023855
0.0028457046,0.002843291,0.55720896,0.018725745,0.0028626008,0.15006833,0.20785804,0.0027248438,0.054862548
0.0018996254,0.0018164002,0.25628734,0.31859452,0.040113732,0.025825983,0.30145237,0.0069838823,0.047026176
0.0050517838,0.0050886045,0.004912635,0.00475607,0.6147169,0.0047928323,0.23441157,0.004708786,0.121560805
0.00237978,0.20819965,0.0024906655,0.0022577147,0.06252405,0.00239371,0.1165039,0.0022444897,0.6010059
0.0028482361,0.0028464133,0.18472704,0.058648925,0.05316893,0.2330488,0.073941596,0.23109283,0.15967722
0.003196175,0.003361507,0.14824055,0.4220127,0.0031405652,0.14782356,0.08185396,0.049151387,0.14121969
0.0012653709,0.06976165,0.28276634,0.07540907,0.06342949,0.3127676,0.19199282,0.001324677,0.0012829129
0.3999913,0.073202156,0.0015482388,0.0015554784,0.0016079954,0.0015151954,0.0373379,0.0071025044,0.47613922
0.039430756,0.009637736,0.002244697,0.027019827,0.27204564,0.0021478038,0.6430136,0.0021040959,0.002355854
0.05694378,0.0036977208,0.0035998817,0.0033586056,0.003690656,0.287027,0.10861352,0.52956307,0.0035057117
0.0040523503,0.0035624935,0.09395975,0.047448434,0.004419518,0.5146533,0.18244,0.003493749,0.14597031
0.066982366,0.004112063,0.3462803,0.031405665,0.005721028,0.39649284,0.1411701,0.0038218086,0.0040138448
0.002934113,0.0029346577,0.24188134,0.05758767,0.30093023,0.32929355,0.05877051,0.0027469103,0.0029210644
0.038257882,0.08368076,0.028034285,0.0013081715,0.60823363,0.0012558844,0.16709809,0.0011872719,0.070944056
0.019467408,0.29304248,0.0029215247,0.002473689,0.4830895,0.10729454,0.034363847,0.01569247,0.0416545
0.0050426796,0.0053052986,0.0046274285,0.037951086,0.0046948134,0.3862255,0.19235246,0.35905206,0.004748736
0.0053874375,0.00637211,0.059669614,0.09645216,0.0054253237,0.7643613,0.05165468,0.005263011,0.0054143933
0.002178832,0.0023204093,0.045924112,0.0021557973,0.37202108,0.0021158692,0.46115795,0.0020906075,0.110035345
0.04199564,0.0023942357,0.06958331,0.0023428625,0.11940606,0.003624364,0.68778044,0.0022107307,0.07066237
0.044815432,0.9264357,0.0026936673,0.0026481482,0.0030320433,0.01220637,0.0027404272,0.0026333155,0.0027949032
0.024278076,0.0052714464,0.16174823,0.04364384,0.069891915,0.6811954,0.004941567,0.004482231,0.0045473613
0.0036283194,0.0039152643,0.22260302,0.00421252,0.0037799957,0.27505502,0.1215522,0.31610948,0.0491442
0.04568524,0.34302852,0.004804022,0.039769847,0.10365726,0.42862245,0.005616132,0.02372765,0.0050888783
0.030223157,0.01562563,0.0016848579,0.0076451655,0.0017317309,0.0017369777,0.2911132,0.0016870563,0.64855224
0.6190223,0.0018084178,0.2665217,0.001663643,0.009302845,0.0018483095,0.06216194,0.0024508315,0.035220105
0.004327769,0.13767904,0.03990221,0.004171875,0.7967744,0.004591621,0.0043453723,0.004049449,0.00415838
0.1571349,0.5809384,0.049483724,0.05430005,0.0048555965,0.021721466,0.12207258,0.0046606604,0.0048326585
0.90072125,0.0012806663,0.0013032772,0.0012706355,0.08307606,0.008437381,0.0012948695,0.0013431286,0.0012727601
0.022390751,0.015662981,0.08692858,0.23480725,0.0028834166,0.16000341,0.11301382,0.3607303,0.003579441
0.0014422142,0.0015546673,0.0014071177,0.0013758625,0.023735376,0.019499635,0.31405494,0.028120473,0.6088097
0.15411913,0.15189692,0.01916623,0.0023324713,0.4725548,0.0023150428,0.19302455,0.002274869,0.0023159839
0.03775821,0.071309604,0.6127069,0.033123706,0.0046314774,0.12924267,0.004578783,0.037152376,0.069496214
0.004987038,0.54378057,0.0041615358,0.003945497,0.12216055,0.013270192,0.27826044,0.003885149,0.025548931
0.063955404,0.38587382,0.0016416892,0.008364798,0.0016517777,0.0015653975,0.091062166,0.0015759628,0.4443089
0.28042823,0.12059463,0.0023338045,0.0022173838,0.002615595,0.04979566,0.53757674,0.0021485446,0.002289453
0.038539987,0.07303177,0.01772731,0.0016187149,0.0017346517,0.0016159915,0.8622556,0.0015917011,0.0018843273
0.001823722,0.38301706,0.0017666833,0.0017180729,0.0018380677,0.0017123662,0.16939731,0.0016904176,0.4370363
0.2008979,0.11653908,0.21191189,0.001533448,0.0016062091,0.0014748673,0.45730615,0.007198608,0.0015318473
0.004239024,0.28779227,0.032862946,0.0045434753,0.2845854,0.004292276,0.30609256,0.004089649,0.07150241
0.001847348,0.0017582743,0.0017744568,0.0017135763,0.0016493261,0.015387471,0.20664681,0.0015864614,0.7676363
0.08134375,0.0070302123,0.036292806,0.006175521,0.19259551,0.65753,0.0067593227,0.005819647,0.00645319
0.009220501,0.5566553,0.03808689,0.008016771,0.008474464,0.008025861,0.008920437,0.007954411,0.35464534
0.1360158,0.3856672,0.10124914,0.030792614,0.06062958,0.049044594,0.20346889,0.0017925225,0.031339638
0.0031717892,0.021056196,0.14977784,0.061295092,0.17900617,0.0029825997,0.5671382,0.0125156995,0.0030564296
0.24177803,0.0049003493,0.028080504,0.0045240964,0.32624426,0.0045423266,0.31967506,0.00449976,0.06575563
0.7278377,0.10983963,0.030605046,0.0014659946,0.0014936017,0.0015005282,0.0016494533,0.123940654,0.0016675072
0.022990227,0.12316086,0.004394427,0.004322108,0.004540272,0.0043892153,0.17990379,0.0043458324,0.6519533
0.0049327374,0.6180797,0.0051628742,0.0047538565,0.024206296,0.0047685076,0.004899783,0.0047163186,0.32847995
0.0031509022,0.0031248003,0.1558169,0.28010586,0.19365197,0.23156661,0.12344962,0.0030609842,0.0060723713
0.2524901,0.0334525,0.0017742787,0.0016468377,0.4389446,0.001738663,0.26655173,0.0016112605,0.0017900065
0.002695767,0.0027656292,0.008331591,0.011765666,0.89752686,0.0025786066,0.06919767,0.0025042263,0.0026339656
0.67276573,0.04492076,0.0016456689,0.001734955,0.04695481,0.0016709289,0.22690356,0.001628415,0.0017752423
0.83668035,0.03038064,0.11670446,0.001769185,0.0017372738,0.0017072434,0.0017836759,0.0073208823,0.0019162932
0.07865695,0.10794711,0.08310621,0.01066887,0.002109757,0.020630132,0.64942926,0.04543728,0.0020144484
0.038961533,0.45829993,0.0030128432,0.0028860543,0.0030718546,0.0029081763,0.0032115255,0.002865796,0.48478225
0.004457746,0.108842775,0.005099267,0.004391765,0.0044597615,0.41248843,0.069622956,0.32202104,0.06861629
0.006813364,0.36243677,0.0065647815,0.0069862353,0.009078001,0.0064580515,0.008312968,0.0064598457,0.58689
0.083553515,0.005866537,0.026132824,0.02650683,0.0056282473,0.83549815,0.0058298274,0.005416051,0.0055679646
0.032941572,0.112946495,0.3922164,0.0011325534,0.0012371964,0.005437478,0.3857161,0.067190066,0.0011820546
0.0070815007,0.2613237,0.0068632104,0.0067799087,0.006949421,0.006755211,0.0075710546,0.0067124367,0.6899636
0.167448,0.0058999113,0.00573285,0.005678112,0.51747406,0.0056273993,0.28057805,0.005589193,0.005972494
0.12824725,0.0061789714,0.07687726,0.006017571,0.0062272036,0.73757386,0.0073228683,0.025658168,0.0058967914
0.2410046,0.18527888,0.00440698,0.004331142,0.004511805,0.2857343,0.0046688,0.26559466,0.0044688634
0.006056186,0.0062177083,0.06316699,0.40605864,0.006066001,0.40180707,0.0062218667,0.0962246,0.008180958
0.007304071,0.6388412,0.006648478,0.006579843,0.0066864523,0.0064190887,0.063073404,0.006419665,0.25802776
0.0030785836,0.05647366,0.0030991854,0.0031506391,0.35357934,0.0029365837,0.5715571,0.0029055316,0.003219423
0.28973043,0.10757314,0.00405727,0.004124457,0.059068225,0.28196937,0.004244289,0.24480215,0.0044305897
0.8972629,0.0023174887,0.0026623148,0.002466683,0.023290867,0.0023060115,0.064997464,0.002208703,0.002487603
0.4818949,0.1929933,0.002554641,0.010911654,0.22507232,0.0025839594,0.07894153,0.002500307,0.002547348
0.1818921,0.14603981,0.0014778264,0.0014739914,0.46619323,0.0014551948,0.19851974,0.0014437644,0.0015043218
0.15240882,0.2228721,0.0044207694,0.0042366246,0.004459283,0.023207199,0.16430734,0.018758874,0.4053291
0.0042709676,0.004527614,0.004129461,0.004125133,0.8964351,0.004177923,0.07381986,0.004160386,0.0043536467
0.0037082804,0.0037606247,0.003919094,0.14299202,0.069617376,0.41187587,0.24192344,0.05116137,0.07104193
0.10375114,0.0047264993,0.18928869,0.0045345193,0.004579923,0.5980594,0.0051619853,0.004628696,0.08526906
0.02029471,0.001747887,0.18135151,0.0016621366,0.0017937556,0.001697893,0.787913,0.0016641343,0.001874889
0.03263184,0.2645246,0.0019378096,0.0019310382,0.059265792,0.0019152418,0.06336495,0.0019074461,0.57252127
0.0026244374,0.5084442,0.022165578,0.0024791628,0.002580095,0.0024392938,0.08730898,0.0024082381,0.36955
0.0063868193,0.8324622,0.006514774,0.0062188413,0.0064034774,0.12248773,0.0064953654,0.0061650677,0.0068657575
0.0036449167,0.43971646,0.0035920916,0.0038133492,0.0485704,0.0035561533,0.0038628057,0.0035060297,0.48973784
0.00565619,0.110454,0.056246795,0.10034488,0.0057027843,0.6202506,0.090023726,0.0054905973,0.0058305156
0.004493287,0.12694927,0.005793665,0.0247116,0.0045460803,0.80186605,0.022302914,0.004458502,0.0048784814
0.018635092,0.0046514114,0.079382904,0.1695473,0.0043981574,0.49268222,0.059884712,0.033324882,0.13749327
0.0017954666,0.45222366,0.0017221039,0.0017282942,0.0017914689,0.001729933,0.22644377,0.012957174,0.29960808
0.5351096,0.43232906,0.0031244634,0.0030348804,0.003063626,0.014318894,0.0030699533,0.0029415074,0.0030080636
0.11389949,0.005722541,0.005631959,0.005482474,0.005407803,0.7528383,0.034909915,0.0053286804,0.070778824
0.28958815,0.0034957116,0.0031440225,0.003091351,0.6497967,0.003178176,0.041387342,0.0030184109,0.00330006
0.002487059,0.2131023,0.0024613494,0.0023669985,0.002728886,0.0024200827,0.051554903,0.0023492395,0.7205292
0.07355498,0.16321005,0.006605989,0.008496458,0.0066422615,0.0065297075,0.007108232,0.006436894,0.7214154
0.0056669866,0.0066152336,0.0055590947,0.005602361,0.0057871332,0.84916174,0.0056875036,0.005621115,0.110298835
0.05016952,0.60394865,0.06746041,0.086949155,0.052413374,0.0024570886,0.13169831,0.0023709894,0.0025324922
0.064514875,0.049107786,0.14837648,0.19212084,0.0040149945,0.37311035,0.1610208,0.0038520931,0.0038816698
0.044214033,0.41384003,0.007941518,0.001465489,0.016666193,0.0014912279,0.061968744,0.0014619331,0.45095086
0.20330212,0.0427274,0.0022206584,0.002233761,0.3927757,0.012331724,0.32435897,0.0022265275,0.017823132
0.0057679503,0.04470359,0.0056644613,0.036225807,0.005774065,0.83155286,0.058610592,0.0057314336,0.0059692278
0.0026384399,0.44604492,0.002626442,0.0025341932,0.0026665705,0.020346006,0.0027524296,0.01084577,0.5095452
0.13098156,0.052526835,0.0061226455,0.018386824,0.34065232,0.0054035117,0.40137294,0.03932858,0.0052248184
0.0031473965,0.30592778,0.0030934177,0.002976203,0.53830856,0.0030829213,0.13749784,0.0029669458,0.0029989388
0.22196865,0.003519802,0.003376019,0.0031136863,0.0033034452,0.19979446,0.08354487,0.4784001,0.0029789722
0.087755464,0.5090867,0.007713146,0.0075714737,0.007967226,0.0076631927,0.11659899,0.007600107,0.24804376
0.0045016143,0.13991165,0.172017,0.08012943,0.09996228,0.49074864,0.0041428525,0.0042063985,0.0043802867
0.05849699,0.12343231,0.004887175,0.049283054,0.0048407596,0.7433701,0.0054097157,0.0050573237,0.005222554
0.038661,0.0030661614,0.16226591,0.580655,0.0027860547,0.1593377,0.0029630826,0.047572885,0.00269233
0.005700244,0.07949258,0.0058632977,0.0633812,0.0057284683,0.8209691,0.0065668887,0.00573022,0.0065680584
0.005806604,0.0054789106,0.0055748383,0.19838455,0.0054274756,0.52239555,0.11846098,0.07360383,0.064867266
0.004622294,0.15451393,0.033867255,0.003849448,0.10844956,0.003839275,0.6827466,0.0038378122,0.004273847
0.0651963,0.0056106825,0.005322589,0.005136134,0.043944843,0.47466004,0.00540635,0.38931978,0.0054033045
0.13652481,0.10302168,0.0040134043,0.024544343,0.024692465,0.30607736,0.028187947,0.3689891,0.00394885
0.09280549,0.021573598,0.035962887,0.0012547075,0.6393625,0.0011945311,0.18134637,0.025019825,0.0014801752
0.0031722458,0.003088943,0.0035836294,0.13299051,0.2947443,0.38624185,0.10275258,0.003035464,0.07039039
0.0035261456,0.28414997,0.0034538885,0.42723948,0.07276833,0.0033143635,0.1047812,0.06880072,0.031965986
0.059901394,0.09589492,0.018155184,0.13187438,0.0038762467,0.21351118,0.10358233,0.33737016,0.035834223
0.005316929,0.027198728,0.005355948,0.36093417,0.005444741,0.5492682,0.035567768,0.005327949,0.0055855834
0.0266803,0.02214361,0.0022163538,0.028498251,0.01753677,0.0020995364,0.76142704,0.12417621,0.015221922
0.004622919,0.004803624,0.11469699,0.017926455,0.0050623375,0.7931685,0.035711374,0.019503154,0.0045046257
0.003158707,0.0030825457,0.003115911,0.042118117,0.032923076,0.65090513,0.13191235,0.0029713553,0.1298128
0.14412683,0.4743417,0.076136634,0.0045399247,0.18380639,0.008429547,0.0049628033,0.004367908,0.099288315
0.0034623365,0.092003934,0.003588817,0.09296371,0.0034475643,0.6815685,0.04732164,0.071891025,0.003752461
0.06720209,0.19185427,0.002686186,0.0025193943,0.0028163441,0.011618218,0.7158597,0.0024989734,0.0029448245
0.0048730257,0.05430552,0.07557904,0.0044051576,0.0044900156,0.63365823,0.122528255,0.095737405,0.004423263
0.0029829848,0.03205419,0.16823389,0.1367573,0.043784074,0.39958352,0.003077489,0.0029680692,0.21055849
0.00448959,0.004527079,0.108755745,0.0047450853,0.004541231,0.8291443,0.0045403964,0.034736466,0.004520101
0.050225183,0.09157278,0.004450712,0.0037709177,0.004349754,0.7334587,0.0043487567,0.016296374,0.0915268
0.00605325,0.0068142517,0.0057551484,0.5869365,0.0060571088,0.095580235,0.28146932,0.005592606,0.0057416596
0.0065330965,0.90370053,0.027463907,0.00629276,0.006999152,0.029164977,0.006880396,0.0061935172,0.0067716814
0.08397292,0.04405558,0.0018030095,0.0015101635,0.6924162,0.010153106,0.13913563,0.0014781462,0.025475252
0.036456373,0.28733966,0.0064626085,0.005950931,0.18512598,0.006066372,0.15656744,0.005916812,0.31011382
0.026449464,0.0051061227,0.0049776384,0.0050689667,0.03545299,0.8012699,0.111663744,0.00487967,0.005131567
0.004084233,0.08423923,0.12916099,0.5184173,0.019266764,0.19023253,0.045929886,0.0040439595,0.0046250564
0.003538143,0.1582579,0.033951808,0.0036990778,0.08715888,0.5188694,0.15113233,0.0033059197,0.04008652
0.12228331,0.0055628996,0.00618272,0.0054160487,0.46438816,0.0052301153,0.37939554,0.0052026925,0.006338538
0.026518365,0.39565068,0.0047918567,0.122216225,0.38283524,0.05259664,0.00519943,0.0047170087,0.005474519
0.0037757275,0.29642364,0.0036330477,0.018554559,0.0035939408,0.0034716302,0.035589486,0.003424452,0.63153344
0.12969227,0.26839903,0.0045009884,0.34824944,0.0049725855,0.036202747,0.19853568,0.004395998,0.005051274
0.0040987595,0.0050788675,0.28062922,0.004002713,0.0041415375,0.5634693,0.004184548,0.024320893,0.110074125
0.0028192846,0.040341936,0.0028995215,0.06653868,0.052614886,0.0029830486,0.8001455,0.002549706,0.029107414
0.0031882862,0.062928066,0.0031494475,0.0030055766,0.17997837,0.0029368366,0.51688695,0.0028429038,0.22508349
0.08611468,0.06254391,0.0020924578,0.0020062253,0.002287244,0.002090969,0.8099526,0.0019844114,0.030927483
0.020941908,0.50115925,0.003787758,0.28637248,0.022272551,0.0035073208,0.11074351,0.015031308,0.0361839
0.005564978,0.26005143,0.0055298447,0.0056902957,0.005957726,0.0055466006,0.0056726453,0.0054883966,0.70049816
0.0023152605,0.287776,0.0022769314,0.0032836443,0.0023371098,0.0022702669,0.08921412,0.0022250067,0.60830164
0.0047513745,0.63365287,0.00451897,0.024329003,0.057819422,0.00476639,0.08623412,0.004438964,0.17948903
0.77658355,0.0012656376,0.0030922063,0.0067726457,0.008076503,0.0011536024,0.14040825,0.061262228,0.0013854904
0.0931068,0.10403434,0.0026427882,0.002300022,0.36707115,0.0022430904,0.29402128,0.0021839088,0.1323966
0.082421295,0.31666934,0.1575505,0.003026989,0.28596106,0.014957176,0.13269131,0.0030121836,0.0037101281
0.043361448,0.39618045,0.017428167,0.3362445,0.0027758472,0.0022712732,0.1609956,0.0021856518,0.038557135
0.00660849,0.18623118,0.0077781547,0.106518686,0.12337449,0.0064318157,0.053138576,0.006413855,0.5035047
0.018015295,0.0015862597,0.010242815,0.0014654127,0.001624193,0.0015319586,0.9208735,0.0014635406,0.043197066
0.039768483,0.049947824,0.011644923,0.014051349,0.42011797,0.0017679533,0.4592881,0.0016709273,0.0017424523
0.003683159,0.26933333,0.12007524,0.0037417475,0.06295976,0.0035137532,0.49176311,0.0034411242,0.04148885
0.5802468,0.017430542,0.009852952,0.0015031928,0.008542283,0.08614631,0.07776074,0.0014547406,0.21706247
0.006744321,0.0076850005,0.0066134348,0.006521636,0.006592757,0.0065453183,0.03721904,0.006424778,0.9156537
0.0072045634,0.1307021,0.04216652,0.007295722,0.17321388,0.0069383876,0.0076165376,0.0068653314,0.617997
0.16920736,0.18525517,0.003649639,0.024131577,0.57358545,0.003748755,0.03282862,0.003635206,0.0039582197
0.0036825428,0.14507778,0.003576004,0.0035618974,0.0039396985,0.0035435592,0.6787992,0.0035205455,0.15429877
0.2015194,0.0049966546,0.04303801,0.021241745,0.45277557,0.0047282246,0.21464375,0.0047227563,0.052333903
0.2345416,0.003792287,0.0032806457,0.003266602,0.6454041,0.003524174,0.09949959,0.0032486888,0.0034423438
0.003506496,0.14437018,0.003440132,0.0036350365,0.003919557,0.0033522893,0.0034792526,0.0033453917,0.8309517
0.004186083,0.38784105,0.0039088135,0.0038331538,0.030264026,0.0038488277,0.004048243,0.0038110893,0.55825883
0.005598344,0.20854968,0.006077537,0.0052865865,0.41231975,0.0061011,0.22751665,0.1223034,0.0062469686
0.0017683004,0.15505327,0.0017002043,0.0017285949,0.0017358368,0.0017046846,0.13226333,0.0016782122,0.70236754
0.052480068,0.7197131,0.005570685,0.061947867,0.07192751,0.006274684,0.033900693,0.042671602,0.0055138003
0.006431737,0.0067131002,0.0062798695,0.006287489,0.24502969,0.0059669823,0.71104026,0.0058047017,0.006446113
0.1347803,0.0705305,0.0021536364,0.0021795584,0.47188842,0.0023683226,0.2333575,0.002125695,0.08061606
0.0072053047,0.8243064,0.00587847,0.0054639126,0.0054284465,0.005740731,0.13445063,0.0052997526,0.006226299
0.0033113246,0.17039669,0.0032348516,0.003150957,0.0032822208,0.0031772559,0.04608757,0.0031415047,0.7642176
0.19003993,0.30812627,0.0020493004,0.17634149,0.14593129,0.0020138863,0.13642055,0.009034886,0.030042408
0.0030657586,0.2353862,0.0029723945,0.0029551547,0.0030761545,0.002976644,0.0030918643,0.013170706,0.7333051
0.0060612275,0.77396303,0.056803957,0.0060546305,0.0060858107,0.0059413756,0.006129238,0.005901687,0.13305916
0.0033765,0.6118969,0.0033622803,0.014504435,0.0033906032,0.014248774,0.05082748,0.0031702644,0.29522285
0.0067794006,0.6913133,0.02507185,0.006793794,0.0955841,0.0066891047,0.0071901223,0.0065503623,0.15402797
0.23471306,0.005067924,0.03547083,0.004661542,0.47927418,0.004600742,0.004754233,0.0046001696,0.22685736
0.00379041,0.49328735,0.035633147,0.003867537,0.003941392,0.0037503818,0.0038693696,0.003673649,0.44818676
0.004648954,0.76750743,0.0045809634,0.0061255693,0.19840837,0.004451963,0.005063569,0.0044177957,0.004795542
0.0052619996,0.04728282,0.0049316483,0.004667316,0.004946348,0.0046541337,0.04093401,0.0046409103,0.8826808
0.0048223836,0.0054099453,0.004598046,0.004417017,0.057185013,0.0043829116,0.0049024075,0.004370005,0.9099123
0.0036350493,0.34281012,0.003527126,0.0034636084,0.003546105,0.014637948,0.022843856,0.014749022,0.5907871
0.007088769,0.49720377,0.0065404773,0.006713803,0.0066124247,0.006365978,0.0067391144,0.0063927895,0.45634288
0.0045605158,0.5776878,0.0045416956,0.0044904165,0.0045638643,0.048502598,0.004579808,0.004504557,0.34656873
0.64713085,0.05831826,0.016532242,0.0024698654,0.01924586,0.002365925,0.16911916,0.0023439368,0.0824739
0.0052093514,0.77714556,0.004802199,0.0047337706,0.0049477103,0.0047799917,0.04269962,0.0047439076,0.15093793
0.0040532276,0.6695281,0.003955495,0.0038785918,0.0041440427,0.003944349,0.0040825773,0.003886418,0.30252716
0.0053918893,0.070999175,0.0054560876,0.005347289,0.0056435317,0.005305699,0.005658151,0.005292804,0.8909054
0.13577579,0.0026855394,0.0024683631,0.03031341,0.4899702,0.0024959838,0.3312604,0.002425167,0.0026051826
0.0029976163,0.28824076,0.0028914672,0.002897948,0.0033274177,0.0029091965,0.16945443,0.0028717986,0.5244094
0.14871198,0.003592576,0.0029972636,0.07908915,0.6911563,0.0032307191,0.06517282,0.0029674747,0.0030816642
0.03956466,0.004457881,0.0042906785,0.0045009446,0.18079568,0.74000776,0.004294963,0.017823707,0.004263759
0.054783642,0.0015511541,0.0014467324,0.0015277597,0.011795709,0.0014212684,0.8930736,0.0014069307,0.032993212
0.06379476,0.15239704,0.00160941,0.0016213601,0.0017536378,0.0016757853,0.14791039,0.0015772937,0.62766033
0.0066007925,0.1292327,0.005701761,0.117806025,0.005969109,0.4107313,0.030876366,0.28711477,0.0059671653
0.70846224,0.06797051,0.0029454767,0.0011127735,0.025668358,0.0638712,0.07346555,0.055306107,0.0011978804
0.094788685,0.15837926,0.010209932,0.008223738,0.4799705,0.0018678717,0.23142624,0.001740871,0.013392937
0.023842359,0.002955044,0.0028427339,0.0027709075,0.8503502,0.0028006325,0.09292055,0.002781827,0.018735765
0.0033949218,0.49019483,0.0033242046,0.003329435,0.003430528,0.003343302,0.003543401,0.0032729395,0.48616648
0.0031602243,0.74359107,0.0030062818,0.0029549967,0.0032668153,0.0029629779,0.0031862012,0.0029320968,0.23493935
0.044087365,0.5106032,0.0038189502,0.0035799225,0.0037629823,0.0036405062,0.0041356483,0.0035093643,0.42286208
0.0019695282,0.46154478,0.0019281982,0.04120489,0.11948631,0.0019037181,0.15138794,0.016331123,0.20424348
0.049861833,0.4068791,0.0044786697,0.0044692466,0.0046475893,0.0047275396,0.06247929,0.0044017886,0.45805493
0.063025616,0.38630036,0.002458827,0.023693014,0.002625006,0.0024312104,0.039328475,0.0023863576,0.47775114
0.0048977192,0.2556179,0.0050166273,0.0063843513,0.0048799017,0.0048060915,0.1167837,0.004707868,0.5969059
0.0033904791,0.15732649,0.0035347573,0.003307702,0.28317824,0.007139182,0.44202092,0.09674353,0.0033586773
0.03228667,0.31201142,0.005495187,0.005371124,0.41947687,0.0053457306,0.20917201,0.0053048353,0.0055361358
0.03772817,0.20575774,0.001465929,0.0014294847,0.02185103,0.006697936,0.09381025,0.0014000143,0.6298595
0.0025544215,0.3129136,0.0025237675,0.0024762086,0.00254435,0.0024876278,0.047318622,0.0024385564,0.6247428
0.0016991512,0.05117717,0.0016358234,0.0015690274,0.0015955671,0.02986269,0.12320239,0.0015302995,0.7877279
0.055526614,0.077881105,0.0018621956,0.04401173,0.042240143,0.0017745103,0.761528,0.013383599,0.0017921351
0.05488947,0.88713783,0.038303,0.0031917768,0.0033536658,0.0031724842,0.0032974547,0.003170792,0.0034836077
0.14235017,0.4458487,0.006329519,0.26048136,0.12144131,0.0059464606,0.006297998,0.005492413,0.005812073
0.019105455,0.7299721,0.003666787,0.0035778228,0.04350882,0.0035080502,0.0722048,0.0034863274,0.12096986
0.013394159,0.059295874,0.725824,0.07754272,0.030160613,0.020602342,0.025833067,0.001089662,0.046257626
0.0034744393,0.38029912,0.0034300713,0.0032885927,0.06405326,0.0033319988,0.003652456,0.0032847235,0.53518534
0.06930075,0.5175899,0.0045885947,0.037802003,0.35195222,0.004664426,0.004712416,0.0045475545,0.0048420457
0.0045157713,0.34379876,0.024880849,0.004381223,0.0048494027,0.004466527,0.23820384,0.0043041343,0.37059957
0.1177143,0.0038512906,0.0036471037,0.068570875,0.45709276,0.0033669807,0.33896565,0.003294757,0.0034962234
0.029053735,0.11910272,0.0026868256,0.002629283,0.32253906,0.0025534516,0.25830182,0.00253165,0.2606015
0.11341084,0.26960707,0.005092155,0.22571194,0.04513814,0.0055059795,0.2977876,0.032710176,0.005036073
0.002988355,0.5306419,0.0030362436,0.0029632656,0.003338466,0.0029533159,0.0032089944,0.06619667,0.38467273
0.004898605,0.7649265,0.0046941456,0.004712246,0.0047477973,0.0047733975,0.0048604487,0.004675107,0.20171168
0.002564652,0.5610707,0.0022482597,0.0022395237,0.0023097834,0.0022328394,0.0792689,0.0022291793,0.3458362
0.11989291,0.10731494,0.0024482254,0.0022528484,0.03293863,0.0023048513,0.7281463,0.002234715,0.0024665338
0.08139509,0.12113864,0.0018653829,0.0018640263,0.0019842284,0.0018381317,0.73877776,0.0018211143,0.049315624
0.6962379,0.0059683705,0.005176212,0.023562383,0.24795596,0.005137417,0.005645923,0.0050403024,0.0052755694
0.32586476,0.17346735,0.004213264,0.004274278,0.19269893,0.0047054817,0.0043318705,0.11161984,0.17882423
0.0044933143,0.35078713,0.0039360365,0.0039015405,0.0041643814,0.0038696944,0.048213404,0.0038639256,0.5767706
0.40612942,0.29229757,0.0027610057,0.0030970853,0.15679957,0.00272289,0.130671,0.0027033044,0.002818124
0.05053715,0.7957687,0.0035894788,0.003575828,0.0038908792,0.0035883556,0.026389703,0.0035478373,0.10911194
0.0062364675,0.09209133,0.0053541674,0.5021199,0.0053880666,0.3719768,0.005713892,0.0054561766,0.0056631793
0.3116497,0.0024378886,0.0022556933,0.0022343548,0.47174132,0.002274218,0.19077931,0.014102541,0.0025250243
0.14792342,0.0468557,0.026737502,0.0018596408,0.57385164,0.0019239974,0.19695844,0.0018783404,0.00201125
0.048521142,0.46803975,0.006337272,0.06973496,0.053643677,0.0061879237,0.0069867647,0.027088692,0.31345987
0.055742472,0.40359676,0.0041666557,0.004232675,0.4014329,0.022526607,0.0045226086,0.004127564,0.099651724
0.0027105948,0.08275435,0.0031959598,0.017088553,0.6900087,0.002513222,0.1436057,0.010273906,0.047849063
0.040977158,0.3354249,0.094948076,0.020484196,0.25758186,0.0039788126,0.12344928,0.0038861947,0.11926953
0.2835726,0.10491529,0.0019445312,0.0019179578,0.17530735,0.16162607,0.24849096,0.0018381146,0.020387135
0.4082009,0.069773294,0.0028864557,0.0026991148,0.21486989,0.0027098109,0.12614459,0.0026637402,0.17005225
0.0041729813,0.6601469,0.004081733,0.00406832,0.0041241227,0.00410186,0.050908275,0.004146956,0.2642489
0.21391958,0.049007088,0.0031520936,0.003169785,0.45788273,0.0030137077,0.26350644,0.0029851613,0.0033633376
0.02731765,0.1232436,0.002311671,0.0023160772,0.027679859,0.0023777965,0.3880616,0.002334397,0.42435738
0.0038470183,0.042636395,0.30842116,0.14464211,0.0037657672,0.43177596,0.0038943083,0.02638962,0.034627777
0.0032173924,0.46773994,0.21619098,0.031788047,0.21086992,0.003187058,0.003342724,0.0030775846,0.06058626
0.19168895,0.09114493,0.0025277222,0.002455529,0.3672825,0.0024634465,0.33734345,0.0024550147,0.0026384357
0.0043770713,0.25843978,0.0041039716,0.0040527163,0.3275829,0.0040692473,0.27973154,0.113276824,0.0043659694
0.002704732,0.40707427,0.0026107922,0.00264508,0.0026960094,0.03735972,0.0027524212,0.002650398,0.5395066
0.0043556243,0.27779695,0.0041188365,0.037290834,0.038640406,0.07052644,0.0042063068,0.0041012047,0.5589634
0.005523939,0.8233041,0.0052853515,0.064100295,0.0315858,0.0062806043,0.053296674,0.0051829033,0.005440289
0.004031686,0.6124548,0.0039018,0.0038842296,0.004073618,0.003916005,0.08527492,0.0041488316,0.27831414
0.004264299,0.64910275,0.0041235373,0.0041071074,0.004350492,0.0041280817,0.110409394,0.0040909667,0.21542345
0.02089584,0.3927318,0.004422232,0.0045177788,0.30440235,0.004433573,0.13099231,0.0044858395,0.13311832
0.005324001,0.73247343,0.005550905,0.021457588,0.21555284,0.0048010573,0.005054701,0.0047308234,0.0050547263
0.08029004,0.1374191,0.0017036587,0.009321519,0.014940751,0.0016834306,0.70415586,0.013387612,0.037098102
0.005352661,0.031512648,0.004850635,0.49932295,0.060076147,0.3412463,0.005318985,0.047140136,0.0051794695
0.029728403,0.3525117,0.005177388,0.10437111,0.11584296,0.031428196,0.29399025,0.00500536,0.061944574
0.005288657,0.34714532,0.08287537,0.011085648,0.3850371,0.0051576043,0.13450475,0.023548359,0.0053571872
0.094611645,0.22110572,0.0022964652,0.0022701211,0.5237391,0.0030398946,0.14820366,0.0022654068,0.002468131
0.031374343,0.0050613657,0.0047831605,0.046887822,0.013465835,0.74675834,0.05124774,0.004569515,0.09585197
0.50362736,0.058535885,0.026305329,0.0012840925,0.06997347,0.011984479,0.3257359,0.0012276834,0.0013257341
0.0032316928,0.6680525,0.003039385,0.0030737144,0.003129883,0.002966027,0.003150507,0.0029577257,0.31039867
0.2577723,0.45095214,0.097451404,0.03431939,0.0074052964,0.0064896727,0.0066322326,0.1323967,0.00658094
0.005372113,0.054817785,0.039398115,0.08164523,0.25521708,0.0053476,0.52827567,0.004947598,0.024978828
0.0053334893,0.48118067,0.0051750643,0.0051551796,0.35891742,0.0051337425,0.12879841,0.0050397757,0.0052662585
0.05765704,0.07978652,0.0046660714,0.15691301,0.030601231,0.65540254,0.004848928,0.004573308,0.0055514807
0.03535796,0.0040400513,0.6828561,0.06606771,0.0803526,0.0040094513,0.05476455,0.06843594,0.0041156528
0.0043653636,0.0037024075,0.8207879,0.05578485,0.0038008355,0.0036036812,0.10054151,0.0036131053,0.003800288
0.13891627,0.0047922893,0.0048506144,0.0047874385,0.6437038,0.06444013,0.12918907,0.004571908,0.004748477
0.6609663,0.09746012,0.001187783,0.0012012578,0.020683052,0.012829078,0.13511655,0.032542266,0.038013563
0.83375597,0.00793176,0.0011827498,0.0013494471,0.028568124,0.0029232772,0.046108644,0.019855924,0.05832409
0.13003619,0.009066837,0.21325135,0.0021236003,0.021994017,0.010457765,0.415853,0.020409051,0.17680813
0.107189275,0.08238793,0.008554017,0.0012020172,0.0013451881,0.015737366,0.07587979,0.0011600113,0.7065444
0.03686563,0.06986031,0.0014069005,0.0013940268,0.0013316206,0.2628952,0.42990446,0.037946682,0.1583952
0.060167663,0.014942918,0.061954573,0.0011875979,0.008626388,0.021190446,0.81428945,0.016350105,0.0012908932
0.0150615955,0.0039736144,0.08171009,0.0039642584,0.35437605,0.34481874,0.1880478,0.0037276996,0.0043201046
0.005252178,0.37544248,0.058772217,0.15167925,0.005577251,0.005420684,0.327283,0.0647243,0.005848625
0.040403556,0.15041132,0.0036568483,0.26424712,0.033616718,0.003401781,0.4971511,0.003346242,0.0037653013
0.004743023,0.2723547,0.33024332,0.15824397,0.0047329045,0.004562745,0.20086569,0.019367488,0.0048862468
0.0022024743,0.002046256,0.0024531286,0.0093021635,0.002265567,0.00206553,0.736895,0.0019601553,0.24080974
0.864658,0.002509868,0.028568948,0.0023835334,0.0026189464,0.013189557,0.06905156,0.0022342198,0.014785516
0.8556563,0.016238205,0.001448016,0.0013440186,0.0015455832,0.017208379,0.09519424,0.0012810777,0.01008418
0.8693882,0.0025789128,0.0027315551,0.0024643785,0.002563136,0.015350809,0.09974852,0.0024118512,0.0027625319
0.06799971,0.0018127549,0.0017715378,0.0836942,0.013742441,0.005400081,0.47064847,0.025933735,0.3289971
0.0017619613,0.057501704,0.47419155,0.07676817,0.0016845656,0.01027828,0.36415598,0.0014982839,0.012159559
0.002679917,0.08864642,0.3378132,0.0026675302,0.19474608,0.0028557114,0.2840658,0.01150316,0.07502219
0.121724166,0.0025108508,0.0023268939,0.0023308215,0.07292583,0.0023448572,0.572253,0.0022484038,0.22133525
0.13308136,0.01491599,0.09064907,0.0024784622,0.0020656926,0.0018870482,0.70068675,0.0018346197,0.052400954
0.005958815,0.6981882,0.080335096,0.0058626793,0.15082712,0.005940062,0.0060745673,0.0059028654,0.040910687
0.06301861,0.55206144,0.032341756,0.00547685,0.0050779944,0.004857807,0.005054295,0.005392368,0.32671884
0.23752832,0.013646248,0.047668528,0.01874633,0.0065008895,0.001195734,0.66838664,0.0050799227,0.0012474495
0.026567144,0.65639096,0.0040439097,0.0039617727,0.0040275217,0.018598767,0.0043384223,0.0039057373,0.27816576
0.01960979,0.08672726,0.42105058,0.12986831,0.109780274,0.0015792134,0.22811088,0.0015886186,0.0016849639
0.0046569942,0.0015761531,0.014156554,0.0014574033,0.0014996025,0.0014624987,0.9253093,0.0014352144,0.04844625
0.0814603,0.0015533802,0.38313875,0.008341495,0.027811483,0.013160978,0.402792,0.04128074,0.040460903
0.0014292519,0.44125178,0.03812902,0.0013591051,0.04055254,0.020829462,0.36469653,0.0014490028,0.09030336
0.082418896,0.09174809,0.29832095,0.0026246211,0.059096947,0.020752834,0.40694273,0.0024271319,0.03566773
0.015741153,0.055039324,0.6737147,0.0015181853,0.0017106257,0.010070467,0.23911849,0.0014774249,0.001609669
0.010037021,0.05308976,0.027836032,0.0019422751,0.02342555,0.0026128956,0.8582668,0.0018217863,0.020967878
0.034171376,0.31010413,0.0029306794,0.0027934548,0.0030317155,0.014963959,0.14335506,0.0027369317,0.48591268
0.0014907286,0.3397433,0.027470432,0.10940455,0.04529442,0.014555548,0.35199484,0.020859277,0.089186974
0.022450818,0.0794369,0.46767637,0.001822734,0.13768347,0.063094415,0.19945861,0.014315299,0.014061359
0.0032546474,0.2700276,0.38430798,0.0039348486,0.04474572,0.014824587,0.2510881,0.00315911,0.024657402
0.0015155973,0.060251527,0.0019206536,0.0014340747,0.0014667368,0.0013507517,0.9292042,0.0013282552,0.0015281431
0.054432407,0.4314395,0.0032989532,0.003333305,0.0034031905,0.026951917,0.0434946,0.013562216,0.4200839
0.0033586589,0.4043577,0.017782208,0.275289,0.17003259,0.0033499561,0.11875717,0.003285053,0.0037876691
0.0018023427,0.17019948,0.06959098,0.47240493,0.1120652,0.017384449,0.11224151,0.001723537,0.042587593
0.08062612,0.1326534,0.5562562,0.0013557813,0.092647985,0.006250773,0.12739871,0.0013223623,0.0014886155
0.0042654383,0.31517193,0.0043610744,0.021199742,0.04757638,0.004110536,0.15854606,0.061493076,0.38327575
0.16656584,0.008566778,0.0078105447,0.12545606,0.0077154366,0.007939164,0.66126806,0.0071812505,0.007496896
0.05381498,0.07267552,0.5490706,0.0015125893,0.122801706,0.0014817631,0.18014006,0.0014670911,0.017035732
0.16657642,0.067528166,0.040881876,0.2160039,0.13261011,0.038696926,0.19046584,0.018443096,0.12879357
0.022437256,0.28393045,0.0035581533,0.00347853,0.0037163114,0.0035575968,0.31938243,0.0034627565,0.35647646
0.0028945818,0.25564483,0.002742129,0.0026599865,0.04167051,0.010400833,0.019634198,0.061489053,0.6028639
0.02078648,0.15487519,0.18612045,0.2760955,0.053183187,0.0018205302,0.30332878,0.0017982239,0.0019915928
0.057603355,0.3396995,0.0039167535,0.046026304,0.030060684,0.004069277,0.5096302,0.004764121,0.004229737
0.22368817,0.0020314602,0.020099837,0.05087997,0.0453987,0.05201978,0.6020076,0.0018779475,0.0019965975
0.0042405687,0.21571735,0.068160534,0.26771572,0.21411733,0.004103827,0.21767041,0.0040207636,0.0042535807
0.04834707,0.06479842,0.23020525,0.030192073,0.10320471,0.021217858,0.4700747,0.002274919,0.029684924
0.06071078,0.25786707,0.20034419,0.2251482,0.17517054,0.0035897358,0.07016152,0.0034651342,0.0035429054
0.051538873,0.003086526,0.07467536,0.14687191,0.40132505,0.002933805,0.26314887,0.0026099952,0.053809594
0.009121233,0.02507181,0.61375856,0.046040334,0.07242451,0.055072997,0.13698529,0.026505683,0.015019633
0.07793287,0.21124463,0.05716608,0.2896452,0.10391307,0.0031788887,0.24927731,0.0031388788,0.004502965
0.22590892,0.092046075,0.030742383,0.004199241,0.035009667,0.0954196,0.4985588,0.014620526,0.0034948168
0.091241516,0.50718033,0.004044596,0.01660822,0.04714834,0.049400102,0.004113084,0.003718559,0.27654526
0.7185,0.07091105,0.0030609653,0.0036771214,0.003228618,0.0031202382,0.18153235,0.012845388,0.0031242573
0.0032298972,0.405043,0.0036769584,0.026332716,0.01558809,0.003027196,0.12263645,0.0029932987,0.41747236
0.036187142,0.293341,0.0028696114,0.003061895,0.032125846,0.0029057735,0.07843097,0.0028397162,0.548238
0.06925847,0.0035835886,0.14259802,0.0031935272,0.0034495527,0.0033623627,0.7205632,0.0031016092,0.050889652
0.0023045156,0.12868959,0.051388633,0.0021661296,0.3688617,0.01698028,0.42515895,0.0021323361,0.0023179657
0.17045227,0.061780047,0.01354109,0.0022175785,0.5826008,0.0021350263,0.16296405,0.0021225438,0.002186662
0.1036537,0.12688068,0.1625887,0.15244757,0.08883388,0.03563253,0.27054587,0.018012308,0.041404806
0.095049545,0.4073074,0.07035929,0.016687429,0.0036495072,0.0034539092,0.004348369,0.0033811312,0.39576343
0.0026169058,0.0023960944,0.551537,0.03681284,0.07050584,0.002341323,0.2964491,0.02344017,0.013900689
0.21685809,0.3007627,0.003920283,0.045491252,0.10356274,0.032280225,0.22448294,0.0037666454,0.0688751
0.05669933,0.0023403952,0.0022002142,0.014580089,0.5679404,0.0022198653,0.18656245,0.0020953817,0.16536184
0.09264598,0.021999566,0.46795273,0.0016115591,0.14953089,0.0015601336,0.23240297,0.0015378785,0.030758232
0.008525785,0.070911966,0.028477907,0.0016366423,0.74523723,0.0017654122,0.085992746,0.001576014,0.055876367
0.0065390705,0.02933883,0.120263055,0.1730341,0.047817264,0.015840016,0.5935076,0.012561519,0.0010984503
0.014873275,0.02432077,0.011346234,0.002211064,0.002280094,0.0022099807,0.93821883,0.0021273359,0.0024123625
0.04715854,0.060984455,0.062984504,0.039483152,0.21467015,0.0017767524,0.569343,0.0017182596,0.0018812225
0.019868417,0.109481156,0.01690253,0.00275555,0.4496608,0.002842091,0.3928741,0.0027461266,0.00286914
0.11660593,0.15219247,0.19053352,0.23430042,0.05468721,0.0024708952,0.14745922,0.022075774,0.07967448
0.020762153,0.03134442,0.33024678,0.0018828984,0.1726683,0.0019474423,0.39315754,0.0021042745,0.045886144
0.1050751,0.0025469426,0.3939742,0.0023121678,0.058726605,0.04877059,0.37617862,0.01000087,0.002414891
0.0040441216,0.0568128,0.019576909,0.0038164407,0.019977171,0.003570863,0.7837157,0.0035406982,0.10494524
0.002881184,0.39290404,0.023144942,0.002952049,0.0076899487,0.0028070854,0.13838457,0.02123552,0.40800062
0.16733232,0.025928995,0.04102745,0.015748298,0.5065608,0.0022510989,0.20988654,0.028890215,0.0023742858
0.16058701,0.08349529,0.10155705,0.07969399,0.072438225,0.009822218,0.48889816,0.0017218589,0.0017861262
0.019073157,0.09218119,0.3779974,0.0016996723,0.0016646464,0.0015944111,0.46172878,0.0015500407,0.04251069
0.0029630177,0.58546364,0.0029392366,0.020815032,0.36444694,0.002778254,0.0030157722,0.014490478,0.003087581
0.040223755,0.001548332,0.50656724,0.0013825708,0.0015125151,0.034485854,0.31059793,0.005787724,0.09789404
0.13749655,0.022231074,0.039201293,0.0015888402,0.04008699,0.013303976,0.4663813,0.0014682715,0.27824175
0.21289565,0.0920279,0.041284505,0.0012713596,0.47315162,0.0014907167,0.110411175,0.0012387475,0.06622836
0.012983178,0.23394112,0.010639618,0.0016312168,0.0016921349,0.0016318569,0.27401644,0.0015978863,0.46186656
0.022292545,0.57859576,0.08614179,0.0017679277,0.022010736,0.021267902,0.19536555,0.025744153,0.04681368
0.0026246074,0.18129,0.0022920852,0.43940026,0.037955716,0.0022716338,0.2995587,0.03205307,0.0025539538
0.06989264,0.32627657,0.004959344,0.003789615,0.3831493,0.003689387,0.18324775,0.0034579744,0.021537488
0.09407446,0.23844571,0.0027985668,0.0025595888,0.02099554,0.0025017422,0.15252313,0.0024797288,0.48362157
0.0018342125,0.02120762,0.2127721,0.14124753,0.10506343,0.025236474,0.47879416,0.012186998,0.0016574326
0.004759454,0.60776854,0.037256256,0.0041347407,0.021663733,0.004121836,0.004401636,0.004072989,0.31182086
0.00535235,0.5570251,0.005221064,0.005151091,0.028734583,0.0051740604,0.22821319,0.0053022113,0.15982641
0.21664429,0.00286529,0.03612263,0.150187,0.22807683,0.0025325075,0.35838783,0.0025237065,0.002659943
0.07578916,0.14969076,0.013226148,0.0029223082,0.53740233,0.0026099535,0.20155403,0.0025947436,0.014210611
0.004997668,0.17074545,0.029568335,0.005423091,0.6012949,0.004579251,0.17394774,0.004527407,0.0049161604
0.25049356,0.0036449612,0.003465912,0.0033807359,0.021523489,0.15584578,0.54351395,0.014584373,0.003547211
0.06353328,0.29690135,0.04843638,0.0030910932,0.0031508135,0.003089158,0.17002305,0.015146853,0.39662802
0.026043294,0.095398456,0.013292534,0.0017955694,0.040207114,0.025599372,0.42521575,0.0019235759,0.3705243
0.0024796817,0.06937368,0.2559538,0.0024460854,0.045803074,0.01320343,0.5237253,0.00237486,0.08464009
0.09803522,0.0980996,0.33536997,0.013231611,0.1664342,0.011687757,0.21876398,0.02048351,0.037894193
0.06883018,0.23043913,0.43229055,0.0027207034,0.024118386,0.0027142793,0.23339415,0.002711345,0.0027813653
0.04457271,0.16861725,0.03523025,0.08227078,0.0022914226,0.002214357,0.59880346,0.031297762,0.034702018
0.058085263,0.025643455,0.02636632,0.00140898,0.059475765,0.035162687,0.7072695,0.0015698575,0.08501817
0.032825474,0.008883002,0.0032151404,0.043401763,0.036584377,0.0033224477,0.83291,0.0031550548,0.035702754
0.15481749,0.32387266,0.024675,0.0023801792,0.002444553,0.0023923996,0.002497491,0.0023106404,0.48460957
0.09707876,0.20628227,0.0042997934,0.004243299,0.5105917,0.004272772,0.16477323,0.004127493,0.0043307547
0.0049098246,0.17306854,0.24465322,0.22536063,0.07184522,0.0031354423,0.20581071,0.03480693,0.036409527
0.056686446,0.0018906543,0.5460009,0.022789054,0.120270684,0.0015942061,0.23328103,0.0157446,0.0017425813
0.016827667,0.0015989975,0.3910181,0.15049884,0.14095446,0.018226609,0.23070802,0.020937873,0.029229447
0.01609778,0.09221647,0.055726226,0.00172544,0.0017538912,0.001709571,0.7878184,0.0016786337,0.04127357
0.10413842,0.028399037,0.030638374,0.03315518,0.42817894,0.0015004955,0.37075055,0.0014500609,0.0017889807
0.002586401,0.24864103,0.03400747,0.24139553,0.036245957,0.002482681,0.42957348,0.0024302306,0.0026372941
0.025126535,0.023284849,0.39869153,0.04469753,0.084235445,0.0011616528,0.42045185,0.0011380413,0.001212471
0.027589686,0.12322457,0.0017592662,0.0016700708,0.0017554819,0.0016360674,0.09738647,0.0016137467,0.7433647
0.0637205,0.028805226,0.36095777,0.06216133,0.107865706,0.012571587,0.35651678,0.0058402554,0.0015608313
0.055642195,0.054524947,0.20218146,0.29543087,0.11515109,0.0011117565,0.22479996,0.001118936,0.050038815
0.023114763,0.2762322,0.0022216863,0.0018789924,0.017786145,0.012819567,0.033630487,0.018487316,0.6138288
0.009992838,0.042367157,0.37555453,0.07842119,0.23937738,0.02765524,0.22293428,0.0017603401,0.0019371773
0.028127955,0.67404443,0.0055896277,0.005584503,0.005692283,0.005488711,0.00574574,0.005393017,0.26433372
0.0024322728,0.2228336,0.015440078,0.0024122598,0.09763184,0.011119112,0.002408634,0.009061861,0.63666034
0.062927485,0.022431,0.48427692,0.054604992,0.06374741,0.0058103385,0.29247323,0.012617347,0.0011112957
0.012703512,0.09288262,0.5567168,0.012727862,0.011322381,0.019106455,0.19464596,0.08836363,0.011530631
0.26790348,0.1687686,0.037075803,0.027455142,0.101797745,0.041075766,0.33976337,0.014437363,0.0017227242
0.12242449,0.31357774,0.004193605,0.0035699313,0.3017972,0.003523621,0.2436464,0.0034743997,0.0037926508
0.067091815,0.20233254,0.0026326915,0.01285238,0.0026963442,0.012573033,0.15279219,0.011819149,0.53520983
0.053234875,0.1548815,0.0027959838,0.0026966908,0.002836435,0.017855505,0.6795174,0.0026848004,0.08349675
0.1581156,0.03547938,0.013159175,0.01164755,0.6206302,0.001480092,0.15632324,0.0014399427,0.0017248973
0.015718263,0.549152,0.01681225,0.002017627,0.0021325073,0.0020771513,0.056353454,0.008544914,0.34719184
0.0797665,0.1516205,0.002231174,0.4282257,0.16302563,0.0019348093,0.11571026,0.00898911,0.04849641
0.0119902175,0.18570954,0.06967818,0.32385656,0.18534891,0.0012997198,0.20456174,0.0013966407,0.016158512
0.025455622,0.052874632,0.09540002,0.009553337,0.11806516,0.0013207502,0.6842051,0.006152224,0.006973094
0.016697222,0.09562501,0.26593003,0.001564793,0.103273384,0.012664638,0.4946433,0.007978255,0.0016233589
0.004209132,0.53465027,0.003929607,0.0038981868,0.0042876853,0.021950139,0.071534775,0.0039080405,0.3516321
0.02508992,0.0017533029,0.3671607,0.010625069,0.10346709,0.017028108,0.34623662,0.0016142686,0.12702493
0.0042333207,0.5800639,0.0042725313,0.004128473,0.0047551254,0.0041557136,0.0045581786,0.004077648,0.3897552
0.07293322,0.41755328,0.033055082,0.0031345452,0.003187136,0.003030051,0.0031031913,0.002977631,0.46102586
0.001394237,0.07662223,0.5728824,0.04222038,0.0013398135,0.0033735295,0.2210252,0.049241904,0.031900275
0.002215629,0.11016884,0.18843028,0.0021898341,0.0021877845,0.0023548682,0.6882162,0.00205842,0.0021781456
0.018739609,0.39834717,0.0031237593,0.0029933676,0.00306238,0.0031002043,0.07773918,0.0029851543,0.4899092
0.081098974,0.048301496,0.0015173488,0.0014259653,0.68385667,0.0013928158,0.17949784,0.0013568262,0.0015520873
0.002520193,0.4249232,0.045376465,0.002355106,0.002500896,0.022354629,0.3452715,0.0022594433,0.15243858
0.014459982,0.29153365,0.0027513984,0.011238834,0.0029105893,0.012601805,0.14538454,0.0026031449,0.5165161
0.028894983,0.012279476,0.1390046,0.13049579,0.028902702,0.0016667888,0.5117336,0.038613386,0.108408704
0.043198995,0.35330012,0.06680735,0.14168361,0.18101546,0.0051236083,0.19880694,0.004864549,0.00519937
0.02609697,0.06734454,0.37563473,0.00926981,0.003990657,0.001934589,0.44740444,0.008199706,0.060124535
0.0042502913,0.7595574,0.03723621,0.0045253043,0.03762214,0.00411416,0.12774388,0.020617142,0.004333393
0.005250917,0.32362428,0.13466763,0.20361881,0.00477235,0.13844754,0.11914558,0.06428855,0.006184208
0.054110054,0.15092438,0.018931145,0.1016402,0.0019600012,0.0018559743,0.6215067,0.033962283,0.015109307
0.0025948242,0.0881837,0.45053515,0.09422788,0.11532565,0.0269737,0.20126174,0.018431554,0.002465791
0.01812092,0.0022158083,0.3387864,0.002069946,0.002153616,0.0020865442,0.6209232,0.002088511,0.0115550235
0.054174922,0.094761714,0.017728886,0.0022404878,0.024464967,0.002296153,0.19840667,0.009651532,0.5962746
0.094630495,0.21241705,0.0036277191,0.3875526,0.004074449,0.0035280446,0.23762086,0.05268985,0.0038589207
0.0026005553,0.35158783,0.06427257,0.01932645,0.047810815,0.08160444,0.061019402,0.0022170031,0.36956093
0.0030845571,0.6615088,0.05213084,0.0026934787,0.057508755,0.0026784122,0.21476077,0.0027394441,0.0028949643
0.07625251,0.57579863,0.0047032097,0.03141985,0.07554999,0.004231792,0.2238333,0.004049851,0.0041607837
0.080542095,0.1939059,0.09284893,0.0109564755,0.0022099458,0.002139311,0.61314625,0.0020884217,0.0021626158
0.06912798,0.23571998,0.0021673143,0.0020778754,0.0025571524,0.0020903964,0.03996685,0.0020282234,0.6442643
0.039685357,0.032786086,0.001475629,0.0014342925,0.69747174,0.013776255,0.21045671,0.0014010695,0.0015128723
0.02607555,0.25232184,0.032090675,0.0013874253,0.0015118018,0.0013717252,0.21421255,0.0013640607,0.46966437
0.05759378,0.27889058,0.046217944,0.0018228866,0.0020812612,0.0018514395,0.0020394817,0.0018156493,0.607687
0.13829759,0.30234745,0.0045633586,0.0035047613,0.23852973,0.0034326327,0.29085281,0.014890459,0.00358123
0.0029788327,0.46807045,0.015600682,0.0027719222,0.022493806,0.0026763028,0.05763376,0.0026440222,0.42513022
0.015802154,0.264116,0.001958909,0.0019963197,0.120482326,0.0017194399,0.5847724,0.0071683717,0.0019841401
0.09781836,0.08462572,0.30595535,0.0018789796,0.04032017,0.012882474,0.4411499,0.013362246,0.0020068425
0.005528856,0.08687122,0.081084386,0.005714714,0.0056243544,0.0052816374,0.005663374,0.03982515,0.7644063
0.016934136,0.12608047,0.009504888,0.0017577002,0.0017803101,0.010659795,0.23971158,0.0016296147,0.5919416
0.4457024,0.1327865,0.0012471518,0.0012565393,0.23176105,0.0012600222,0.10084496,0.0052525382,0.079888925
0.0022129072,0.07495155,0.64703226,0.0017118809,0.06146885,0.001735096,0.20741875,0.0016704102,0.0017982408
0.038324874,0.0019664918,0.21629867,0.001805155,0.050838817,0.0018228418,0.67304116,0.014036569,0.0018653704
0.18506801,0.0020810997,0.018300405,0.009358007,0.014545751,0.023900043,0.70556754,0.0019134766,0.039265674
0.067210935,0.11907257,0.003114846,0.0028125464,0.4115425,0.0027742186,0.36818948,0.022386005,0.002896958
0.08057175,0.10024631,0.0018330553,0.0016542159,0.4560989,0.0086269155,0.3427613,0.0066162073,0.0015913015
0.1453492,0.38294774,0.0033059937,0.0032570607,0.003357416,0.003428678,0.20738733,0.0032658225,0.24770078
0.008770655,0.0014829524,0.23043214,0.0013695485,0.018018529,0.008122151,0.5017107,0.0856371,0.14445624
0.2761867,0.16914448,0.0019960606,0.10161787,0.0021191288,0.03508721,0.38119948,0.0017829823,0.030866064
0.17608128,0.023059689,0.08382257,0.0025453,0.35795468,0.0026830204,0.2901272,0.019156165,0.044570085
0.18013543,0.08590319,0.11612863,0.010718768,0.019463217,0.0024058803,0.17006798,0.11522136,0.29995552
0.001350628,0.032957986,0.27995375,0.001239563,0.11532722,0.0012428421,0.5173387,0.036442127,0.014147298
0.2243109,0.14583367,0.08422728,0.001550046,0.19923753,0.0015663492,0.23652254,0.105120935,0.0016308725
0.06267226,0.4055632,0.0130598,0.001589049,0.00505004,0.0015288263,0.047138307,0.0014928714,0.4619056
0.0028128016,0.48623925,0.014994439,0.029802877,0.32345477,0.0027201117,0.12419374,0.012906017,0.0028760014
0.046035044,0.1591017,0.4003339,0.012811879,0.0027600448,0.0024465052,0.3503126,0.0127230985,0.013475314
0.24394894,0.54721826,0.035001118,0.0024903603,0.0031876601,0.0024563482,0.10534357,0.0024440833,0.05790966
0.032098312,0.45701292,0.0037883336,0.003018713,0.37587398,0.0034259507,0.11863985,0.0030079687,0.0031339217
0.00902977,0.03935395,0.2240225,0.027499694,0.074111916,0.0018638178,0.5632105,0.0018328344,0.059074983
0.0046410174,0.7001406,0.01851589,0.003975315,0.024600111,0.0039804024,0.14058533,0.0039209616,0.09964039
0.46208984,0.0021202562,0.0019968404,0.0019780037,0.21133374,0.009701426,0.118277825,0.19043866,0.0020634686
0.0036037837,0.4619596,0.0036011923,0.0035101403,0.0036188604,0.0035845998,0.13923822,0.0034090602,0.3774746
0.047743574,0.036583744,0.5588304,0.04177382,0.06782351,0.019655209,0.18628936,0.013514693,0.027785726
0.00260959,0.12651896,0.3259714,0.0022615793,0.06806766,0.0022729873,0.46766573,0.0022197932,0.0024124286
0.0012561417,0.24585195,0.35659862,0.0011594502,0.053615104,0.01034163,0.24825606,0.0011438319,0.081777215
0.0017790826,0.020659469,0.11727693,0.10482276,0.0792473,0.0015821025,0.5980417,0.04026393,0.036326688
0.035215028,0.0028980724,0.52379256,0.019738538,0.05413123,0.0025061637,0.30577108,0.010492158,0.04545514
0.19511761,0.06001708,0.054095123,0.003278788,0.0035256168,0.003339326,0.18152809,0.17312774,0.3259707
0.0911632,0.32952923,0.08428067,0.10977776,0.005366354,0.057388287,0.26137745,0.056438096,0.0046788547
0.0052619167,0.30613664,0.004165376,0.097981915,0.2872473,0.2723239,0.004353201,0.018250652,0.0042791315
0.04364113,0.09962451,0.23710054,0.16062047,0.16091958,0.0018702431,0.14992091,0.026634108,0.1196685
0.021928228,0.35234016,0.15678784,0.025359856,0.26498917,0.003965611,0.08370825,0.0039174412,0.08700345
0.2702795,0.094819084,0.074742526,0.0024178072,0.49201378,0.0024958947,0.023357099,0.022287535,0.017586723
0.0016365543,0.021363094,0.38729644,0.053694136,0.057750676,0.0075303484,0.40472576,0.0013784826,0.06462457
0.00227199,0.14563666,0.0023879516,0.0021550437,0.002316999,0.0021795514,0.085790165,0.0021913634,0.75507027
0.35414055,0.10688293,0.030269206,0.03662599,0.035165727,0.0032084736,0.4270015,0.0032598297,0.0034457638
0.03497519,0.14620213,0.02239417,0.0014091234,0.0014698755,0.0013778356,0.3188874,0.0065338807,0.46675038
0.16154215,0.23080403,0.042727,0.0020152295,0.44285685,0.0020466817,0.1138753,0.0020106593,0.0021222073
0.04081899,0.63382983,0.0036129754,0.0035457225,0.02408182,0.003598544,0.080784634,0.0035887684,0.20613869
0.00353707,0.6064578,0.003545754,0.0035372064,0.24867652,0.0034105494,0.07276918,0.054350574,0.003715196
0.02750309,0.29581198,0.0041400352,0.004100044,0.0042677526,0.003983657,0.004653079,0.0039500273,0.6515904
0.059250195,0.1339639,0.037217155,0.0019684648,0.07535073,0.061707117,0.6265237,0.0019469449,0.0020718535
0.08472546,0.20007914,0.04430646,0.18032597,0.24788363,0.015761698,0.22172134,0.0023665677,0.0028297282
0.026685651,0.123125404,0.0017801038,0.20776834,0.3822331,0.0016686495,0.2528984,0.0018217458,0.002018681
0.023441376,0.14003198,0.080579,0.0014178368,0.43721488,0.0013758292,0.29172593,0.001328356,0.022884851
0.0022046582,0.60085225,0.0021322065,0.010638725,0.0022444306,0.0021052668,0.06100326,0.0021112694,0.31670788
0.08184825,0.5419757,0.00466721,0.04096655,0.03980917,0.004687336,0.25672096,0.0045103654,0.024814473
0.063712046,0.06720668,0.02035476,0.0030112867,0.0034102504,0.013967178,0.115997516,0.033224627,0.67911565
0.0015875108,0.11859984,0.019955056,0.0014526137,0.504218,0.0013410555,0.31901368,0.032451246,0.0013810465
0.15141733,0.19871257,0.07202062,0.0019018155,0.26822847,0.0019877336,0.30155623,0.0018821439,0.002293085
0.110553406,0.0026970583,0.015318367,0.0024309477,0.45248076,0.0023510288,0.36540774,0.04632215,0.0024386172
0.08817727,0.13062498,0.062913425,0.0083029065,0.64159226,0.017550219,0.047544733,0.001599657,0.0016943647
0.020397684,0.0023428623,0.4349126,0.04601432,0.09045929,0.014038138,0.3525296,0.002064804,0.037240777
0.0037312568,0.0038389203,0.003639787,0.004284184,0.59673154,0.0036359078,0.31674436,0.06377566,0.0036183915
0.0032446324,0.026876932,0.100091666,0.0033292056,0.003267487,0.0033750352,0.8430205,0.0135600185,0.00323455
0.09543611,0.0534299,0.10400584,0.0036864884,0.018647624,0.013051912,0.6791571,0.030117886,0.00246713
0.0015750946,0.021486579,0.2788463,0.06731537,0.04265601,0.013380056,0.47564217,0.063120514,0.035977922
0.0148590505,0.34007654,0.015138419,0.0015846222,0.030935314,0.0016047729,0.09164408,0.0016044553,0.50255275
0.001582829,0.01622849,0.11368307,0.059806693,0.00924012,0.0013280562,0.72868836,0.0013169794,0.068125404
0.24978712,0.0021178436,0.0402899,0.009526229,0.16320956,0.0020436954,0.47038823,0.023555653,0.03908174
0.042994123,0.36256307,0.011716616,0.014310301,0.029390033,0.001929023,0.11226802,0.0018923307,0.42293647
0.030257456,0.03711451,0.0018090159,0.023431163,0.20800354,0.016403656,0.67924535,0.0017751714,0.0019601071
0.15976354,0.005594669,0.018905709,0.0018109813,0.021447876,0.014506899,0.7421581,0.0015981399,0.034214027
0.053817686,0.01679515,0.38125062,0.015433973,0.16372822,0.006231756,0.3440059,0.0013968019,0.017339911
0.036122702,0.0014264301,0.09230353,0.17101368,0.102444686,0.0013165467,0.53826606,0.0012884999,0.055817887
0.06699648,0.2705749,0.0017617029,0.0016240553,0.035588555,0.001627568,0.24255468,0.001645618,0.3776264
0.070410766,0.18750256,0.0405255,0.002280953,0.48959294,0.0022959346,0.20271118,0.0022680287,0.002412134
0.007234103,0.0012034709,0.012018855,0.09117479,0.15435612,0.0012579414,0.6816718,0.04986324,0.0012196286
0.0024981312,0.2504377,0.025018418,0.0023544931,0.5894325,0.019793589,0.1058589,0.002268723,0.002337601
0.051247817,0.12240912,0.03837704,0.0013545395,0.4048967,0.015035232,0.30772075,0.050538085,0.008420646
0.050632425,0.017565984,0.050713796,0.0016325467,0.11951361,0.001641055,0.7441909,0.012457563,0.0016521064
0.25450274,0.5926568,0.003640073,0.021385713,0.0036155912,0.003529274,0.11313618,0.0035069962,0.00402658
0.37612438,0.20990495,0.0029312172,0.0029364885,0.0035458815,0.002898715,0.19502077,0.07455635,0.13208123
0.00217102,0.24970682,0.016356867,0.0020456219,0.033834662,0.002064436,0.0022015916,0.002038113,0.6895808
0.06450533,0.003635473,0.052734204,0.003250152,0.33230126,0.0033591113,0.48749822,0.04938899,0.0033272444
0.062694736,0.33237556,0.0022386634,0.0021674214,0.0022553178,0.0021822087,0.24191399,0.0021248495,0.35204723
0.06177261,0.47777018,0.0026471752,0.0025836006,0.08214829,0.0031760687,0.002694477,0.011353223,0.3558544
0.20606415,0.046659,0.022646802,0.0015240482,0.013551769,0.018205985,0.67853796,0.011173399,0.0016369032
0.090292886,0.2469316,0.003491666,0.0134551935,0.03232729,0.015808215,0.0032184713,0.00287142,0.5916033
0.0037066976,0.3820864,0.05310727,0.055822432,0.21212044,0.01874584,0.24412166,0.026084349,0.004204804
0.07951668,0.12734404,0.0028308814,0.0026958836,0.002816871,0.0027537697,0.16113152,0.0026854866,0.6182249
0.011581788,0.12229655,0.5924388,0.051787917,0.001599397,0.0073314384,0.19036922,0.0067218347,0.01587296
0.07938324,0.03571915,0.12436163,0.03339237,0.109973095,0.0013369196,0.5851519,0.0013119141,0.029369788
0.015559156,0.38011023,0.002529973,0.010999558,0.04277108,0.002587853,0.2279144,0.002529272,0.31499848
0.017522257,0.54849285,0.030521741,0.0024755395,0.20250548,0.0021574402,0.17056735,0.002160587,0.023596844
0.0021770447,0.069066726,0.0021325243,0.026099728,0.02039531,0.002038086,0.8737199,0.002010708,0.0023599318
0.0025013254,0.0027331465,0.10476205,0.14857256,0.028365923,0.0023933498,0.6369694,0.0023799285,0.071322285
0.029882343,0.0026921493,0.0025586279,0.0024910378,0.024429675,0.002510792,0.77271,0.0024482403,0.16027708
0.021681512,0.21393399,0.012387803,0.0024230767,0.6765257,0.0023599507,0.065720126,0.0023428034,0.002624994
0.0030749866,0.49492437,0.002872332,0.0028668605,0.0028937985,0.0029068217,0.19616681,0.0028656325,0.29142842
0.12565194,0.021960923,0.16513449,0.013555783,0.379752,0.0023692,0.2787739,0.010430362,0.0023713752
0.08881149,0.016433425,0.026814315,0.0015807358,0.779436,0.0015510608,0.08195409,0.0015183561,0.0019005405
0.041050144,0.30349082,0.06786924,0.0020224103,0.11944721,0.0021812678,0.1330211,0.0098475665,0.32107022
0.011482413,0.26246583,0.0019296805,0.034735687,0.002028086,0.0019167695,0.084131055,0.0018691139,0.5994413
0.082400516,0.2635922,0.014720161,0.008735975,0.015351766,0.0018142229,0.054668598,0.0018178044,0.5568987
0.068402626,0.028741369,0.679708,0.060968865,0.0156134,0.03664623,0.10513123,0.0035232592,0.0012650094
0.43643022,0.07019048,0.053172518,0.0016678543,0.11298155,0.0016235738,0.32069442,0.0015881129,0.0016513636
0.23500706,0.0316841,0.025248166,0.04791934,0.251397,0.014311006,0.3783644,0.0019681493,0.014100761
0.115185,0.119598046,0.0014395756,0.038315166,0.59986764,0.007081221,0.11566929,0.0013681422,0.0014758821
0.07964782,0.42032683,0.0020052134,0.0019939959,0.002356724,0.0020165807,0.06901301,0.0019565434,0.42068326
0.5792134,0.17547517,0.0014445955,0.0122421095,0.0014306101,0.0060115536,0.12493805,0.0013709052,0.09787372
0.0020001703,0.42763725,0.023571527,0.0019526803,0.0021021105,0.0019331677,0.08660838,0.01778264,0.43641207
0.0036729802,0.26667365,0.0040206434,0.0035732077,0.30984056,0.0037019497,0.354783,0.003500058,0.050233915
0.2031729,0.040852048,0.001331719,0.0012402394,0.5711987,0.009131206,0.15244612,0.006132362,0.014494697
0.074524365,0.027979614,0.0011337396,0.020700779,0.02567377,0.0011265331,0.8362898,0.01107658,0.001494876
0.014318496,0.19582585,0.09261998,0.0017456653,0.057958,0.008829934,0.6251749,0.0017073506,0.0018198522
0.026677579,0.25575238,0.43348128,0.0032211351,0.058743127,0.0033316908,0.19087768,0.024576036,0.0033391847
0.0133243855,0.35834545,0.0018641062,0.0018248694,0.02094522,0.0017899706,0.15937863,0.013631438,0.42889595
0.66267616,0.015921963,0.0403139,0.0011437557,0.024633573,0.0011532726,0.19446084,0.0011387379,0.05855778
0.0032907897,0.32333055,0.25828594,0.06417066,0.116713285,0.003091652,0.20115589,0.026824849,0.0031362963
0.050081383,0.49972787,0.0704401,0.0036536567,0.08392676,0.0037391922,0.064572714,0.015717102,0.20814125
0.08315433,0.30278578,0.0036115085,0.0033588228,0.5422404,0.0034416064,0.054598905,0.0033664869,0.0034422206
0.030749207,0.36076242,0.0020090544,0.001989534,0.0022665774,0.0020012197,0.074020185,0.021684349,0.5045175
0.4851266,0.08809486,0.07764573,0.0020502715,0.11332581,0.03277002,0.15578756,0.0019479949,0.043251332
0.0054730023,0.0062210984,0.028131016,0.07234141,0.15359436,0.34117156,0.3823465,0.0052057533,0.0055152127
0.013790122,0.041915487,0.061712053,0.0011413645,0.035549246,0.0073671187,0.7482843,0.028679593,0.06156067
0.07850906,0.15701987,0.025132185,0.0074369493,0.54121387,0.0074274517,0.1135002,0.0014922421,0.06826819
0.019217227,0.06983615,0.031111794,0.058204755,0.48631984,0.001715741,0.2945593,0.028794928,0.010240343
0.0390067,0.32656452,0.04810374,0.0036252602,0.28309935,0.00340154,0.20652978,0.04959061,0.040078532
0.28931645,0.039832886,0.04951559,0.0017604952,0.035981786,0.020831201,0.55904007,0.0017281964,0.0019934454
0.016905049,0.4887077,0.052440103,0.016467413,0.002698791,0.0024962244,0.18869787,0.0024432596,0.22914355
0.0037542824,0.45892256,0.0031631675,0.04425402,0.08473685,0.0031662693,0.38429356,0.014163525,0.0035458028
0.010320916,0.384164,0.15515676,0.0019728362,0.1003964,0.0021173558,0.34191906,0.001953052,0.0019996166
0.02973442,0.09190536,0.01340315,0.0021998372,0.46987823,0.002136651,0.37900227,0.009561615,0.0021784902
0.0043642554,0.0046847183,0.0041359463,0.32897186,0.0041630985,0.0040681344,0.5493211,0.029600913,0.07068991
0.0013474372,0.35311309,0.017473219,0.23565382,0.16890594,0.009996397,0.17584202,0.0054089115,0.032259155
0.121911325,0.1505228,0.20838432,0.03161098,0.26935938,0.0033923658,0.20783906,0.003344257,0.0036355413
0.6587894,0.053163428,0.05054601,0.001186975,0.052841093,0.034044508,0.14704284,0.0011865068,0.0011992045
0.0017442768,0.041210845,0.39355335,0.054948017,0.117019676,0.00777099,0.29961237,0.042821117,0.04131937
0.06184372,0.29498485,0.028986199,0.15297014,0.22030237,0.0014010383,0.16880307,0.017191885,0.053516794
0.055375047,0.029330937,0.054158658,0.017581392,0.013095379,0.0011947801,0.7736096,0.001163522,0.05449069
0.031723518,0.0013589772,0.5103421,0.03543376,0.033012375,0.0011981685,0.31986275,0.026057024,0.041011322
0.10024188,0.18196642,0.28471622,0.018426001,0.022062832,0.14048299,0.24509466,0.0033267087,0.0036823011
0.018958505,0.14479044,0.28075045,0.011420127,0.21283686,0.0015459005,0.3265625,0.0015259334,0.0016092748
0.001815216,0.0018537771,0.09180648,0.32382727,0.027228193,0.04205888,0.44030893,0.0076263556,0.06347492
0.59150654,0.042510327,0.0014686172,0.024718594,0.015053923,0.017565811,0.12127293,0.0013083476,0.1845948
0.0024070097,0.0022956298,0.06296281,0.11139243,0.016185127,0.0063224165,0.7838335,0.012258247,0.0023427622
0.13959691,0.2818931,0.08393693,0.0040615266,0.41776708,0.0041066515,0.060434993,0.0040098582,0.0041929292
0.002415281,0.27312985,0.002305566,0.018941177,0.0024673599,0.0022694294,0.053806767,0.010870662,0.63379383
0.038825467,0.0019364732,0.5913986,0.008367597,0.25546923,0.020036863,0.08017861,0.0018007432,0.001986336
0.063380785,0.25145504,0.0030122935,0.0029122138,0.62711906,0.002807754,0.026210593,0.0119612925,0.011140934
0.035317462,0.5363618,0.0025862728,0.0026872272,0.029556273,0.0025448443,0.05919434,0.002525031,0.32922673
0.038036358,0.6198357,0.00428232,0.0042029596,0.0043884562,0.022170648,0.03363479,0.00417399,0.2692747
0.021025429,0.2089344,0.0025277718,0.01416298,0.57050204,0.041336775,0.12263653,0.0023440153,0.01653003
0.5664345,0.156417,0.025359588,0.0013273403,0.12673031,0.0012569341,0.11490765,0.0061571654,0.00140954
0.006927669,0.15510947,0.023482805,0.0018882533,0.0020140973,0.0019027297,0.66280836,0.001886297,0.14398032
0.002851083,0.30578423,0.08329341,0.0024708037,0.19133154,0.0026250712,0.40636873,0.0024381734,0.0028368991
0.20225555,0.20956169,0.010173358,0.008447472,0.0019222025,0.012040329,0.049523495,0.0021650507,0.50391084
0.030058166,0.0012227034,0.10768601,0.060951766,0.02168899,0.0012074219,0.74339336,0.021331402,0.012460215
0.018217014,0.30037737,0.0013790252,0.09411053,0.0014830218,0.03877287,0.14795558,0.00139451,0.39631006
0.10120298,0.15918049,0.049804978,0.0014444978,0.2273337,0.0014080509,0.30729914,0.1273992,0.024926947
0.039378002,0.025701387,0.5213684,0.0014989902,0.01645961,0.0014215835,0.34974566,0.0013839476,0.043042425
0.08637139,0.2511403,0.018937632,0.0022881262,0.4769371,0.00218949,0.123052545,0.0021701597,0.03691328
0.008130614,0.016726792,0.13774759,0.22473374,0.03664345,0.012762895,0.5410694,0.011450925,0.010734585
0.03125776,0.2598633,0.06417605,0.0073823216,0.42285225,0.014590839,0.19316266,0.002691248,0.004023652
0.068603195,0.2329093,0.009009321,0.0018901615,0.54814094,0.0017773517,0.11764802,0.007420645,0.012600983
0.017596291,0.058222968,0.095189065,0.0011924274,0.02231945,0.0011534508,0.62408036,0.014413967,0.16583203
0.09426655,0.104746036,0.121264726,0.2126784,0.044761866,0.07857306,0.30797297,0.0130460495,0.022690333
0.051581576,0.018056592,0.008153976,0.0014654325,0.6174779,0.0014016967,0.24988337,0.041197393,0.010782108
0.014866009,0.3505889,0.0017444672,0.0017028578,0.06401094,0.008808502,0.080550045,0.0016726049,0.47605577
0.028482359,0.30019847,0.0022903152,0.0021355308,0.0022126043,0.0022327807,0.026594834,0.08783901,0.54801404
0.010198146,0.0020010066,0.3700012,0.0020856583,0.06240585,0.0018547178,0.54773957,0.001826719,0.0018871594
0.05494419,0.45330334,0.0025504488,0.041965704,0.0026850072,0.0024825507,0.104944415,0.0024866925,0.33463767
0.0658212,0.0016784288,0.032132834,0.001481314,0.43984225,0.017276485,0.39954913,0.0013958041,0.040822487
0.003457321,0.13020636,0.18336473,0.0032675278,0.10243747,0.04447729,0.52621937,0.0032239726,0.0033459193
0.062306657,0.20910734,0.038011424,0.0066544907,0.031513818,0.0013692578,0.20062247,0.0012877019,0.4491268
0.03144098,0.3297678,0.010239618,0.0019482863,0.0021467009,0.0019841471,0.0020192142,0.027999582,0.5924537
0.016878812,0.19594301,0.0020774833,0.0020747718,0.002181687,0.002050265,0.7743461,0.0020064234,0.002441354
0.0317871,0.45951203,0.0014533531,0.0014917043,0.0015493688,0.0061372365,0.117842354,0.0017601944,0.3784666
0.3566026,0.0021906223,0.002275688,0.002220144,0.06044404,0.012564388,0.54160744,0.0020651503,0.020029822
0.042121258,0.3608921,0.0017485702,0.0018162886,0.0019436853,0.0017209323,0.07473191,0.030464487,0.4845607
0.030296475,0.07448254,0.0138594,0.0014730939,0.098131135,0.011091329,0.07762903,0.0014352431,0.69160175
0.015093494,0.31695554,0.0024282413,0.0023987696,0.0414576,0.0024278248,0.059352774,0.0023917255,0.557494
0.022508692,0.029330304,0.06118713,0.0017075152,0.07091606,0.0020787546,0.74992776,0.001929304,0.060414482
0.0016560135,0.07115081,0.06688535,0.007982568,0.09162072,0.0014735381,0.7561412,0.0014646169,0.0016251907
0.002694498,0.04645724,0.12883347,0.024424165,0.22051027,0.002603074,0.55902624,0.0027508223,0.01270018
0.031321175,0.52231145,0.003039275,0.09215921,0.0031806151,0.013356778,0.29931298,0.0029520295,0.03236659
0.11051742,0.3239958,0.11911887,0.0026456544,0.27631012,0.0026230041,0.1595652,0.0025634693,0.002660544
0.05530563,0.0022475421,0.040189344,0.01795056,0.118848,0.013976117,0.5244974,0.10489046,0.122095
0.13837108,0.011135104,0.21362156,0.0015542733,0.028209548,0.015196386,0.55724174,0.017284285,0.017385993
0.0028084866,0.6418658,0.06553774,0.01892772,0.1562186,0.0027590687,0.106285684,0.0027354143,0.0028614406
0.32963678,0.03231545,0.022693539,0.0032215952,0.17830092,0.02210829,0.38485017,0.02356464,0.0033086955
0.002678081,0.027988287,0.0026176637,0.017832223,0.63248324,0.0025950577,0.2920343,0.019000193,0.0027709391
0.48709723,0.03986113,0.035939116,0.0016132564,0.1626785,0.035628356,0.2051339,0.0015853175,0.030463161
0.018034108,0.027240302,0.029010912,0.18623522,0.030664772,0.002693213,0.6759915,0.0026675921,0.027462436
0.020891035,0.09415563,0.027507715,0.029176949,0.606172,0.002618159,0.21405526,0.0026165124,0.0028066793
0.0013974843,0.0014550607,0.15006843,0.0013081133,0.0014478209,0.0013061154,0.4696298,0.0012946733,0.37209257
0.13076875,0.40250576,0.033866815,0.0019385773,0.011877164,0.040857818,0.023032889,0.001891266,0.35326093
0.033033058,0.054490734,0.1643393,0.16691616,0.07162142,0.0012778251,0.47026455,0.0012597828,0.03679713
0.0783548,0.3411042,0.0015631637,0.0015269083,0.058940124,0.001494902,0.011311782,0.020316362,0.4853877
0.030128317,0.06903832,0.0013714192,0.007470072,0.006945713,0.013402103,0.2599919,0.0057116067,0.6059405
0.21707569,0.14099552,0.0017709173,0.0018102439,0.5434241,0.0017242274,0.08954079,0.0017000693,0.001958445
0.015339686,0.4964452,0.0016999758,0.016291438,0.013254008,0.008298218,0.047706097,0.0016789655,0.39928636
0.34567195,0.3804701,0.022944478,0.002266874,0.0023505536,0.0022872891,0.0872429,0.0022596475,0.15450616
0.1298608,0.09794479,0.080277994,0.07722546,0.027283372,0.014796045,0.569927,0.0012842132,0.0014003953
0.10099875,0.03726017,0.0023591293,0.0016095043,0.0020716689,0.0016029091,0.78950816,0.0015550001,0.06303469
0.0038679065,0.3866556,0.0039918693,0.018041123,0.3344337,0.0038278864,0.130263,0.0037789184,0.115139894
0.21892358,0.07325089,0.031186383,0.0064731576,0.49440092,0.0012170671,0.17202044,0.0011887108,0.0013388245
0.28235742,0.0030788914,0.003072084,0.0029259159,0.34665647,0.061141238,0.29503393,0.0028544753,0.0028794685
0.19532956,0.2004418,0.01823934,0.009388604,0.2979355,0.0015167502,0.25872797,0.016873535,0.001546942
0.07955265,0.31901202,0.0034672932,0.0038194861,0.3055047,0.0033532868,0.24458636,0.037406344,0.0032979376
0.105200216,0.09994742,0.08566282,0.1217324,0.0012527021,0.026036143,0.53760344,0.006003302,0.016561622
0.07853787,0.002223664,0.39593315,0.0018910202,0.030632898,0.03647229,0.40314806,0.00187559,0.04928547
0.03395582,0.26091433,0.017634414,0.003156544,0.003297616,0.020595731,0.53442544,0.0030740171,0.12294608
0.0023445522,0.1498363,0.5324728,0.0021778762,0.0023199478,0.0021319059,0.29735854,0.00912448,0.002233628
0.0025567461,0.06724255,0.03065846,0.048509993,0.20495744,0.012075284,0.5606316,0.0023173934,0.07105054
0.2999595,0.1717067,0.034206644,0.041629426,0.1898179,0.0067371936,0.21815702,0.010377622,0.027407967
0.33911306,0.07965602,0.023576355,0.0014966234,0.3839918,0.013079052,0.15078975,0.006536154,0.0017611312
0.002367915,0.697249,0.0023187676,0.040088713,0.002265264,0.0021485575,0.0442715,0.0021219961,0.20716833
0.0035310236,0.4359501,0.034374706,0.22414404,0.13867863,0.0033553028,0.15315543,0.003309223,0.0035015424
0.0041717906,0.26313183,0.058589388,0.0038780356,0.15837863,0.0039974046,0.3162466,0.0037700627,0.18783619
0.036356583,0.5706811,0.02613225,0.020870537,0.004502413,0.019043176,0.24082218,0.0038381785,0.077753596
0.105599165,0.5334812,0.0023304983,0.013847104,0.0022747784,0.0021272001,0.17103064,0.0020839092,0.16722555
0.14721641,0.013160238,0.4398567,0.008604314,0.04946767,0.01866413,0.29531294,0.01955377,0.008163846
0.14547816,0.23509338,0.062626265,0.0021763432,0.0021550271,0.0019731347,0.3635394,0.0019769848,0.18498124
0.50005704,0.12721832,0.031384353,0.0015294729,0.013476916,0.016137457,0.2368281,0.0014897584,0.07187855
0.044141058,0.2851136,0.0016771365,0.0016519775,0.0018056293,0.0016642964,0.1775232,0.0016570964,0.48476595
0.004081058,0.76087224,0.0040144464,0.003890838,0.0039645773,0.0039221286,0.0041020853,0.003866464,0.2112862
0.091224074,0.002106356,0.13657714,0.002011689,0.45328677,0.039734777,0.263189,0.0019682732,0.009901982
0.09752692,0.04872797,0.026006425,0.28002015,0.15596275,0.0011093313,0.35455203,0.034880657,0.0012139074
0.124488145,0.3687498,0.01060599,0.23758642,0.06968401,0.030557496,0.11198457,0.012629643,0.033714063
0.08720378,0.4195737,0.0027286287,0.2765558,0.002861988,0.0024612155,0.20281449,0.0024259351,0.0033743929
0.0025100466,0.47675788,0.0023912839,0.0023320676,0.002433954,0.011155587,0.002425207,0.01091145,0.48908255
0.06023193,0.18944493,0.043729156,0.0026822188,0.002737975,0.0026436818,0.20480718,0.0025855491,0.4911374
0.06060322,0.1393378,0.0033522688,0.017734528,0.57678175,0.002842338,0.1607135,0.0027612057,0.035873435
0.078215204,0.2701024,0.0034532247,0.003083269,0.02733155,0.025924504,0.08901911,0.003094066,0.4997766
0.095792286,0.21787083,0.09750481,0.0431645,0.36222154,0.0019839464,0.1774526,0.0019354175,0.0020741331
0.14487958,0.25541776,0.002551904,0.0026306005,0.44985464,0.0025124582,0.1280308,0.011535637,0.0025865904
0.377436,0.2933767,0.029227236,0.002253619,0.0024479837,0.036163136,0.0024236022,0.002246001,0.25442564
0.002904303,0.5549693,0.041467804,0.012409952,0.0030877243,0.032308303,0.036373608,0.0026628866,0.3138162
0.059677143,0.15622945,0.03184148,0.0033890381,0.5634945,0.015251912,0.16338736,0.0033366499,0.0033923944
0.055845015,0.40631476,0.017024055,0.019817038,0.0020642509,0.0020152,0.09127984,0.0019459532,0.4036939
0.020053186,0.678312,0.01754599,0.0031940886,0.0032649634,0.0032112054,0.026038446,0.046973523,0.20140666
0.07479575,0.11795295,0.033286784,0.001754437,0.65486604,0.0016323694,0.10148263,0.001576249,0.012652715
0.004775306,0.4264594,0.0046156785,0.0045075356,0.004675494,0.0045488477,0.0050470047,0.004502927,0.5408678
0.053425476,0.05820532,0.15320592,0.09768502,0.057399407,0.0013556466,0.50448126,0.017074449,0.057167575
0.0049428963,0.56076217,0.00485839,0.0047705476,0.0050163227,0.0048838328,0.15978177,0.004750867,0.2502332
0.21158992,0.15716547,0.040278476,0.005050572,0.3370463,0.0051002395,0.23371756,0.0049610985,0.005090381
0.039478723,0.39041156,0.08098029,0.0033653607,0.19450824,0.003386048,0.28115895,0.0033061202,0.0034046457
0.0036864285,0.12404799,0.002997901,0.0029741582,0.46374527,0.0030186165,0.39339972,0.0029944126,0.0031354846
0.0056791115,0.56525934,0.0055782017,0.26383856,0.098197535,0.0056045502,0.044392794,0.0054907543,0.0059591895
0.014065611,0.27734265,0.05073735,0.0026377947,0.47519636,0.0026095884,0.17217067,0.0025879135,0.002652066
0.003934911,0.5991156,0.003964489,0.029837182,0.0038334436,0.003855514,0.0040465863,0.0037694715,0.34764278
0.04642841,0.28905523,0.0046504806,0.004376358,0.47873837,0.004542485,0.1491461,0.018610407,0.0044522155
0.059374448,0.025845954,0.048237145,0.0059186737,0.04857786,0.011236117,0.72440565,0.0011739186,0.0752303
0.10417244,0.0017163889,0.08399192,0.014152086,0.028471353,0.001487711,0.7389622,0.0014684023,0.025577514
0.11704079,0.21370932,0.0030299858,0.0028824077,0.5196038,0.0029075225,0.13468973,0.0028711958,0.003265288
0.044553135,0.11351963,0.10796297,0.0024279295,0.46642998,0.015601127,0.24473058,0.0023190444,0.0024555752
0.003295537,0.13521609,0.07618916,0.003296539,0.5766526,0.0032850304,0.19531049,0.0032742913,0.003480308
0.09474486,0.3381113,0.058391426,0.1881393,0.049819987,0.0017979046,0.21405639,0.0017740015,0.053164788
0.1713473,0.0762704,0.007994283,0.022897085,0.52450377,0.0014350804,0.10248331,0.0014287682,0.09164003
0.020965673,0.27021158,0.0024345731,0.0024197416,0.041874606,0.0024905177,0.0373422,0.0023321204,0.6199291
0.03501507,0.041836318,0.09595766,0.25976455,0.038299885,0.027567167,0.49456978,0.0055753565,0.0014141896
0.048132062,0.6734553,0.004544572,0.0044978443,0.0046048476,0.0045434684,0.053504948,0.041344363,0.16537257
0.03640688,0.2389072,0.07903889,0.17741111,0.27227014,0.0016607167,0.19077912,0.001647597,0.0018782509
0.079330586,0.19003758,0.0018839156,0.0018880911,0.24893817,0.0017502073,0.47266144,0.0016810255,0.0018289967
0.046442833,0.22646199,0.0014827444,0.001449974,0.012216822,0.0013581228,0.070279576,0.0013514975,0.6389564
0.15986575,0.31926143,0.0014012342,0.0013642503,0.44465867,0.01235012,0.0014217355,0.0012981088,0.058378685
0.033518728,0.099837646,0.051648624,0.0039893673,0.1754244,0.07620583,0.44729495,0.0036139865,0.10846634
0.36460444,0.04815576,0.03438637,0.006688603,0.14653476,0.007620334,0.3401174,0.0014314112,0.05046093
0.035869513,0.034257792,0.5272784,0.005988642,0.01920529,0.07507714,0.29534045,0.005651502,0.0013312516
0.0019839783,0.26088583,0.020133529,0.0018875004,0.019364173,0.0021406962,0.21551666,0.0018682352,0.47621945
0.049334247,0.4482528,0.0017836528,0.0017669598,0.0020390856,0.0017713711,0.17014122,0.0017569935,0.32315367
0.3709605,0.07425743,0.054143764,0.014696146,0.05065905,0.0024499209,0.41340244,0.014639706,0.004791072
0.043532412,0.1038367,0.16770825,0.0025175419,0.25803086,0.024910158,0.25640956,0.015151147,0.12790337
0.023624869,0.58645016,0.016558237,0.0035179495,0.026055738,0.0033533154,0.05803991,0.047811877,0.2345879
0.23591727,0.21794033,0.0016787335,0.0015317983,0.106775224,0.008114486,0.37735188,0.0015170315,0.0491733
0.06335923,0.17704317,0.014622973,0.0012751638,0.0013201511,0.01586438,0.23906854,0.0012891017,0.48615733
0.116180524,0.17792347,0.23291169,0.12989241,0.122195594,0.008389293,0.20885691,0.0017074209,0.0019427513
0.013775799,0.32922655,0.06152497,0.3026565,0.005576167,0.030627435,0.21379861,0.00479345,0.03802046
0.025659274,0.1362181,0.044838514,0.0012423756,0.57004213,0.0011254585,0.20529504,0.001106051,0.014473035
0.19745158,0.1536384,0.0018605822,0.001757718,0.48284706,0.001803267,0.156944,0.001817862,0.0018795487
0.06524407,0.015421394,0.4640049,0.0011884426,0.039917808,0.04410979,0.3088438,0.040213656,0.021056155
0.121782996,0.3728209,0.003774974,0.004058415,0.3482681,0.0037224463,0.13800658,0.0036935245,0.0038720544
0.036565624,0.38251084,0.029687362,0.14865327,0.094089694,0.0019549301,0.2576328,0.008513754,0.040391706
0.041986793,0.24540439,0.06155219,0.0025653448,0.5001189,0.00234546,0.13358317,0.00991724,0.0025265936
0.039178524,0.25065613,0.071681425,0.0042135497,0.52946854,0.019750847,0.05823783,0.004075654,0.022737408
0.35240895,0.063757434,0.0021705867,0.0030124614,0.19238791,0.0021053888,0.35849434,0.023508292,0.0021546425
0.26189542,0.59324545,0.017037585,0.0019052124,0.076984204,0.0085045835,0.03686279,0.0017193771,0.0018453215
0.17125842,0.42193115,0.05598233,0.25692672,0.0027081037,0.0025205594,0.06720328,0.018800573,0.0026689044
0.10412396,0.17095292,0.10282876,0.0104886005,0.53006154,0.0035427827,0.06326057,0.0022557706,0.012485085
0.07711326,0.17719153,0.033164933,0.0014371148,0.013142855,0.0070664617,0.12252654,0.0013985987,0.5669587
0.05079615,0.20644793,0.17609778,0.010410089,0.0023528396,0.01254451,0.53703284,0.0021180161,0.002199835
0.053426392,0.117162086,0.0025080657,0.0024701324,0.6308108,0.0024374595,0.12304033,0.0023393482,0.065805465
0.07474378,0.07734463,0.033776212,0.0018962302,0.53595847,0.0019653374,0.23821475,0.016247261,0.019853348
0.021491842,0.28114495,0.036326304,0.0982805,0.38584256,0.0011854005,0.16029692,0.0011500188,0.014281467
0.001917773,0.33192638,0.0017613489,0.019133376,0.0019191861,0.0017097315,0.022918837,0.0016949874,0.6170184
0.0638221,0.019680126,0.1725587,0.016728243,0.0015264956,0.02718773,0.6961208,0.0011765719,0.0011991606
0.023243507,0.3061737,0.0027258787,0.0027388632,0.044442903,0.0027055144,0.026334643,0.0026249643,0.58901006
0.30516073,0.070825174,0.0021977772,0.010079385,0.05084214,0.013987728,0.34774384,0.0020657103,0.1970976
0.116464086,0.08981183,0.0020572469,0.0019887483,0.43526748,0.0019259268,0.34859794,0.0019033225,0.0019833916
0.0034605179,0.31850022,0.14028014,0.0032405122,0.2839852,0.0032891508,0.20865333,0.035233233,0.0033576612
0.052533757,0.05775681,0.0021768357,0.0021096657,0.02943251,0.0020818342,0.8030932,0.0020590967,0.048756294
0.36543855,0.26073155,0.0046411306,0.0044265804,0.1099847,0.0043993234,0.24163707,0.004319915,0.0044211107
0.01352911,0.0893592,0.3647854,0.12274488,0.079602815,0.0015692535,0.24902113,0.0015415364,0.07784672
0.0031805625,0.7187253,0.0029810078,0.0029125453,0.0030894687,0.0029192942,0.032595307,0.0028942237,0.23070231
0.005155352,0.67737633,0.11586224,0.0051340843,0.06512732,0.0051531354,0.11601069,0.0050306637,0.005150175
0.0027110795,0.1632195,0.053356066,0.0026133535,0.6230578,0.0026186027,0.13706999,0.012706687,0.002646899
0.2199648,0.24316643,0.053889275,0.003554619,0.16247967,0.0036139418,0.3061924,0.0035068532,0.003631994
0.1707877,0.10323058,0.0016678727,0.029894028,0.06793548,0.00636655,0.5333422,0.05482038,0.031955265
0.35153115,0.090949796,0.045174837,0.003801915,0.36575517,0.003662081,0.13155425,0.0036731341,0.0038976606
0.05026137,0.2812332,0.08900159,0.11508098,0.08889077,0.17069586,0.18824938,0.0021232425,0.0144636445
0.08604964,0.14209661,0.42345655,0.033612277,0.0967872,0.0018525623,0.19450001,0.0018061284,0.019839007
0.025106965,0.0020030949,0.00196612,0.0018774499,0.5167783,0.0019051052,0.34589794,0.015683228,0.08878186
0.2013655,0.11765332,0.043320436,0.0016556296,0.3784894,0.0017430721,0.2521622,0.0016418883,0.0019684124
0.123158336,0.3184174,0.0029211773,0.0029068228,0.48727247,0.0029115514,0.056387555,0.0028671103,0.003157589
0.063859865,0.28357,0.08197662,0.002522032,0.47533008,0.0025154485,0.06857875,0.01890677,0.002740405
0.00137865,0.07250181,0.0014474125,0.0014526447,0.008467267,0.001361465,0.37301138,0.0013422647,0.53903705
0.8880813,0.0013047621,0.0012648895,0.0014035035,0.0013732283,0.010469645,0.02824858,0.04338363,0.024470337
0.019317456,0.58910877,0.0029566046,0.0029360286,0.0032479733,0.002980513,0.14402252,0.0029299774,0.23250024
0.0038771022,0.20152609,0.0954258,0.0036975408,0.4342625,0.14447281,0.09755886,0.015515786,0.0036634437
0.11351173,0.50865173,0.03917654,0.012917138,0.0017617549,0.0082097985,0.01567236,0.0017348595,0.29836407
0.3395818,0.08670635,0.032067444,0.0014015884,0.42884097,0.0014804779,0.107059106,0.0013892343,0.0014729621
0.08297917,0.3276324,0.028423015,0.0031177478,0.48879203,0.0031237814,0.059631612,0.0030793075,0.0032209242
0.0043265573,0.72675824,0.0040447665,0.0040765125,0.004197884,0.0040436154,0.06984347,0.0040167193,0.1786922
0.012268108,0.0020289873,0.09977014,0.07549326,0.32165703,0.0019262871,0.40452534,0.007916773,0.07441412
0.4910213,0.0016776659,0.039513733,0.0015972815,0.0017265456,0.009962494,0.3190097,0.0014672144,0.1340241
0.08128003,0.19310763,0.12537247,0.0029957837,0.17154323,0.0032751348,0.4020668,0.0029517817,0.01740713
0.08991805,0.039428994,0.045447648,0.13532841,0.032976694,0.0012332133,0.6450287,0.009317386,0.0013209144
0.042570017,0.058637656,0.015290764,0.0030636534,0.74428767,0.0030767925,0.12687258,0.0030403554,0.0031605833
0.058672648,0.5634312,0.0030863078,0.0030245818,0.019748857,0.0031834957,0.0032253687,0.003014997,0.34261253
0.004952005,0.025300223,0.072989464,0.038416244,0.08407523,0.49002874,0.27525607,0.004437332,0.004544657
0.084845304,0.0818602,0.16905127,0.0013480386,0.101745725,0.013233422,0.5451578,0.0013352577,0.0014229483
0.18634269,0.2628763,0.0020927067,0.0020506855,0.011258749,0.0020640765,0.0662711,0.0020192428,0.46502453
0.72364277,0.0014696347,0.0013480171,0.0013214975,0.029534062,0.0013592112,0.18302953,0.0012965371,0.056998648
0.36529905,0.22598441,0.021933835,0.0023765906,0.15930468,0.0024488454,0.20152311,0.002349717,0.018779622
0.13908099,0.13544731,0.18023263,0.025768135,0.1443318,0.031322423,0.3382063,0.0027050434,0.0029053937
0.5802137,0.095339485,0.0041057537,0.14432697,0.06815024,0.0040358626,0.082642995,0.017186556,0.0039983965
0.002067857,0.17294137,0.008805332,0.0017474189,0.017082758,0.018970758,0.119825475,0.0017436617,0.65681535
0.0016942291,0.15124689,0.0015944167,0.0015748994,0.0016143597,0.0015774199,0.23003119,0.0015357669,0.6091308
0.0021389148,0.13667607,0.030454991,0.022335315,0.01213773,0.002139407,0.14433779,0.0019908445,0.6477889
0.0028473672,0.29486692,0.0026943278,0.0026822214,0.02898341,0.0026939085,0.0028323603,0.047123425,0.61527604
0.090507664,0.4586459,0.032330308,0.0022317108,0.002308471,0.009922184,0.07491558,0.027657997,0.3014803
0.10365555,0.25764808,0.0014403475,0.021735568,0.29070792,0.0013863366,0.19155261,0.0059382585,0.12593536
0.7181293,0.16558848,0.0028199067,0.0026629625,0.002772829,0.0026432846,0.0028176368,0.099827185,0.0027384488
0.0070326254,0.6587137,0.0070326254,0.006941352,0.19902338,0.0067337407,0.10058007,0.0067240307,0.007218483
0.004740259,0.43157217,0.0046819956,0.004711155,0.00487061,0.004860903,0.042173717,0.004569289,0.49781993
0.09718141,0.2482472,0.04699192,0.003383342,0.24917892,0.0033246423,0.30718312,0.003096288,0.041413214
0.0022934438,0.0024282592,0.18789276,0.19000293,0.018108837,0.0021660929,0.35020614,0.14106022,0.10584135
0.023982514,0.14269744,0.26765972,0.0016077405,0.07465961,0.0015703803,0.4558242,0.006777052,0.025221355
0.2369176,0.103927195,0.039301712,0.0013617057,0.47440153,0.001363382,0.117330596,0.0057968306,0.019599458
